Relative_Compactness,Surface_Area,Wall_Area,Roof_Area,Overall_Height,Orientation,Glazing_Area,Glazing_Area_Distribution,Heating_Load,Cooling_Load
0.82,514.5,294.0,110.25,7.0,5,0.4,3,32.61,30.07
0.98,514.5,294.0,110.25,7.0,4,0.0,0,28.065,30.45
0.79,661.5,416.5,122.5,7.0,5,0.1,3,37.092,33.88
0.86,588.0,294.0,147.0,7.0,3,0.1,0,26.064,30.85
0.76,661.5,416.5,122.5,7.0,4,0.1,1,35.661,34.68
0.64,784.0,343.0,220.5,3.5,4,0.25,3,16.812,19.64
0.82,612.5,318.5,147.0,7.0,2,0.25,3,23.27,28.73
0.71,710.5,269.5,220.5,3.5,4,0.0,0,10.643,16.81
0.79,637.0,343.0,147.0,7.0,3,0.25,4,36.665,42.38
0.86,808.5,367.5,220.5,3.5,2,0.1,1,13.324,14.36
0.71,710.5,269.5,220.5,3.5,2,0.0,0,12.423,11.9
0.98,514.5,294.0,110.25,7.0,5,0.1,1,28.56,29.95
0.69,735.0,294.0,220.5,3.5,4,0.1,4,14.357,14.48
0.69,735.0,294.0,220.5,3.5,4,0.25,2,12.96,14.48
0.74,686.0,245.0,220.5,3.5,5,0.0,0,6.526,11.92
0.69,735.0,294.0,220.5,3.5,2,0.25,1,11.208,17.08
0.79,637.0,343.0,147.0,7.0,2,0.25,3,36.699,39.25
0.69,735.0,294.0,220.5,3.5,3,0.1,5,12.905,14.41
0.98,514.5,294.0,110.25,7.0,2,0.1,4,24.392,26.23
0.76,661.5,416.5,122.5,7.0,5,0.4,3,32.401,40.15
0.71,710.5,269.5,220.5,3.5,5,0.4,2,15.222,14.39
0.71,710.5,269.5,220.5,3.5,2,0.25,2,12.265,14.78
0.71,710.5,269.5,220.5,3.5,2,0.25,5,12.283,16.89
0.74,686.0,245.0,220.5,3.5,2,0.1,2,10.367,13.4
0.76,661.5,416.5,122.5,7.0,3,0.0,0,33.1,33.9
0.82,612.5,318.5,147.0,7.0,4,0.4,2,24.845,24.86
0.62,808.5,367.5,220.5,3.5,4,0.25,4,12.951,15.72
0.9,563.5,318.5,122.5,7.0,4,0.4,2,28.071,37.14
0.62,808.5,367.5,220.5,3.5,3,0.4,3,16.614,15.14
0.82,612.5,318.5,147.0,7.0,5,0.4,2,25.205,24.88
0.64,784.0,343.0,220.5,3.5,2,0.1,2,15.215,19.45
0.9,514.5,245.0,110.25,7.0,5,0.4,2,33.047,29.59
0.74,686.0,245.0,220.5,3.5,4,0.1,5,10.413,16.9
0.9,612.5,318.5,147.0,7.0,5,0.1,4,22.833,29.39
0.69,735.0,294.0,220.5,3.5,3,0.4,5,14.093,16.93
0.79,637.0,343.0,147.0,7.0,4,0.1,4,38.941,35.91
0.71,710.5,269.5,220.5,3.5,3,0.4,2,10.73,17.39
0.66,759.5,318.5,220.5,3.5,4,0.1,4,11.422,12.2
0.79,661.5,416.5,122.5,7.0,5,0.0,0,8.309,39.35
0.62,808.5,367.5,220.5,3.5,2,0.25,4,12.962,20.37
0.66,759.5,318.5,220.5,3.5,5,0.4,5,11.401,15.5
0.62,808.5,367.5,220.5,3.5,2,0.25,2,36.256,16.67
0.69,735.0,294.0,220.5,3.5,4,0.4,3,12.974,16.94
0.74,686.0,245.0,220.5,3.5,5,0.4,4,10.405,16.08
0.74,514.5,294.0,110.25,3.5,4,0.4,4,10.266,15.66
0.9,563.5,318.5,122.5,7.0,3,0.1,2,36.488,34.13
0.71,759.5,269.5,220.5,3.5,4,0.4,4,12.2,13.77
0.76,661.5,416.5,122.5,7.0,4,0.1,4,37.148,38.98
0.86,588.0,294.0,147.0,7.0,3,0.1,4,25.206,25.08
0.62,808.5,367.5,220.5,3.5,2,0.4,3,11.166,14.02
0.82,612.5,318.5,147.0,7.0,3,0.4,4,25.346,36.34
0.62,808.5,367.5,220.5,3.5,5,0.1,2,14.172,16.93
0.74,686.0,245.0,220.5,3.5,5,0.4,3,14.493,16.99
0.86,588.0,294.0,147.0,7.0,4,0.0,0,31.984,28.58
0.64,784.0,343.0,220.5,3.5,5,0.25,0,15.365,21.78
0.79,637.0,343.0,147.0,7.0,3,0.1,2,36.874,42.59
0.74,686.0,245.0,220.5,3.5,4,0.25,1,14.17,15.92
0.86,588.0,294.0,147.0,7.0,5,0.4,2,27.201,33.9
0.71,710.5,269.5,220.5,3.5,4,0.1,2,9.558,16.0
0.62,808.5,367.5,220.5,3.5,2,0.1,2,7.42,14.02
0.69,735.0,294.0,220.5,3.5,4,0.1,5,14.106,14.29
0.69,735.0,294.0,220.5,3.5,2,0.25,5,32.229,20.66
0.82,612.5,318.5,147.0,7.0,3,0.4,3,29.793,24.75
0.79,637.0,343.0,147.0,7.0,5,0.25,4,38.43,42.04
0.76,661.5,416.5,122.5,7.0,4,0.1,1,33.232,34.06
0.86,588.0,294.0,147.0,7.0,2,0.1,2,29.248,29.7
0.86,588.0,294.0,147.0,7.0,5,0.4,4,26.184,30.66
0.71,710.5,269.5,220.5,3.5,2,0.4,3,10.745,13.83
0.69,735.0,294.0,220.5,3.5,5,0.1,4,12.965,17.31
0.82,612.5,318.5,147.0,7.0,4,0.25,2,36.041,34.72
0.86,588.0,294.0,147.0,7.0,3,0.25,1,29.4,34.87
0.71,710.5,269.5,220.5,3.5,5,0.1,5,19.23,15.39
0.76,661.5,416.5,122.5,7.0,3,0.1,1,36.106,36.59
0.69,735.0,294.0,220.5,3.5,3,0.4,4,12.969,13.65
0.71,710.5,269.5,220.5,3.5,4,0.0,4,10.694,14.2
0.66,759.5,318.5,220.5,3.5,3,0.1,4,12.812,15.83
0.82,784.0,343.0,220.5,3.5,5,0.4,4,11.35,20.19
0.9,563.5,318.5,122.5,7.0,5,0.25,4,19.918,31.53
0.71,710.5,269.5,220.5,3.5,5,0.1,1,14.047,11.9
0.62,808.5,367.5,220.5,3.5,5,0.25,3,15.168,13.98
0.62,808.5,367.5,220.5,3.5,3,0.1,1,13.274,16.52
0.66,759.5,318.5,220.5,3.5,5,0.4,3,15.202,16.09
0.69,735.0,294.0,220.5,3.5,5,0.1,2,11.15,14.27
0.9,563.5,318.5,122.5,7.0,4,0.25,3,32.242,35.87
0.82,612.5,318.5,147.0,7.0,5,0.1,2,22.651,28.63
0.86,588.0,294.0,147.0,7.0,2,0.4,5,29.515,29.69
0.69,735.0,294.0,220.5,3.5,2,0.25,1,12.992,16.9
0.64,784.0,343.0,220.5,3.5,2,0.1,1,15.464,19.27
0.64,784.0,343.0,220.5,3.5,3,0.1,2,18.465,20.94
0.62,808.5,367.5,220.5,3.5,4,0.25,3,12.898,16.71
0.71,710.5,269.5,220.5,3.5,3,0.1,1,12.622,14.26
0.98,514.5,294.0,110.25,7.0,5,0.25,5,28.815,29.55
0.79,637.0,343.0,147.0,7.0,2,0.1,5,32.414,44.06
0.74,686.0,245.0,220.5,3.5,5,0.25,2,12.194,16.9
0.9,563.5,318.5,122.5,7.0,3,0.4,4,35.624,33.93
0.62,808.5,367.5,220.5,3.5,2,0.1,1,14.378,16.56
0.74,686.0,318.5,220.5,3.5,2,0.0,0,12.639,11.98
0.76,661.5,416.5,122.5,7.0,3,0.25,5,34.076,36.96
0.64,784.0,343.0,220.5,3.5,2,0.1,2,16.887,20.7
0.79,637.0,343.0,147.0,7.0,4,0.1,3,41.029,41.72
0.82,612.5,318.5,147.0,7.0,5,0.25,4,28.647,34.3
0.98,514.5,294.0,110.25,7.0,3,0.1,3,32.53,25.89
0.71,710.5,269.5,220.5,3.5,2,0.4,4,10.694,16.89
0.71,710.5,269.5,220.5,3.5,2,0.4,2,10.815,13.81
0.86,588.0,294.0,147.0,7.0,4,0.4,5,26.396,32.19
0.69,735.0,294.0,220.5,3.5,4,0.4,5,11.213,15.73
0.76,612.5,416.5,147.0,7.0,2,0.1,1,23.522,26.92
0.9,563.5,318.5,122.5,7.0,5,0.4,5,32.202,32.79
0.86,588.0,294.0,147.0,7.0,5,0.4,1,25.57,31.66
0.98,514.5,294.0,110.25,7.0,5,0.1,5,28.621,26.04
0.71,710.5,269.5,220.5,3.5,3,0.4,4,10.6,13.71
0.62,808.5,367.5,220.5,3.5,2,0.1,4,17.13,14.35
0.76,661.5,416.5,122.5,7.0,3,0.25,1,36.123,24.86
0.98,514.5,294.0,110.25,7.0,2,0.25,1,24.51,21.66
0.69,735.0,294.0,220.5,3.5,2,0.25,4,14.361,15.0
0.66,759.5,318.5,220.5,3.5,3,0.25,1,15.319,14.74
0.76,661.5,416.5,122.5,7.0,5,0.25,5,36.601,36.35
0.74,686.0,245.0,220.5,3.5,5,0.4,2,14.52,17.02
0.82,612.5,318.5,147.0,7.0,2,0.1,3,29.576,26.11
0.82,612.5,318.5,147.0,7.0,2,0.4,1,23.432,24.64
0.76,661.5,416.5,122.5,7.0,3,0.0,0,28.898,35.37
0.86,588.0,294.0,147.0,7.0,2,0.4,2,31.9,38.84
0.64,784.0,343.0,220.5,3.5,5,0.1,2,17.789,19.95
0.71,710.5,269.5,220.5,3.5,5,0.4,4,13.974,17.45
0.66,759.5,318.5,220.5,3.5,3,0.1,2,14.892,16.12
0.86,735.0,294.0,220.5,7.0,2,0.25,1,12.785,15.84
0.86,588.0,294.0,147.0,7.0,2,0.4,4,32.363,30.77
0.76,661.5,416.5,122.5,7.0,5,0.4,5,40.579,33.76
0.64,784.0,343.0,220.5,3.5,4,0.25,4,18.191,19.58
0.64,514.5,343.0,220.5,3.5,5,0.4,2,16.729,20.71
0.69,735.0,294.0,220.5,3.5,2,0.1,1,11.12,15.17
0.86,588.0,294.0,147.0,7.0,2,0.4,1,26.181,35.54
0.69,735.0,294.0,220.5,3.5,4,0.1,5,11.02,15.52
0.86,588.0,294.0,147.0,7.0,3,0.4,2,32.193,30.14
0.69,735.0,294.0,220.5,3.5,4,0.25,1,11.509,14.82
0.69,735.0,294.0,220.5,3.5,2,0.25,4,12.665,15.04
0.79,637.0,343.0,147.0,7.0,5,0.25,2,36.75,45.18
0.76,661.5,416.5,122.5,7.0,2,0.1,4,35.801,34.43
0.82,612.5,318.5,147.0,7.0,2,0.1,3,28.657,31.37
0.71,710.5,269.5,220.5,3.5,5,0.4,3,10.702,14.74
0.82,612.5,318.5,147.0,7.0,3,0.25,5,31.791,27.85
0.98,514.5,294.0,110.25,7.0,4,0.25,4,28.642,32.82
0.98,514.5,294.0,110.25,7.0,5,0.25,4,28.485,30.07
0.98,514.5,294.0,110.25,7.0,5,0.4,1,28.332,34.05
0.98,514.5,294.0,110.25,7.0,4,0.4,3,23.925,34.13
0.76,661.5,416.5,122.5,7.0,4,0.25,5,23.798,39.78
0.82,612.5,245.0,147.0,7.0,4,0.1,4,10.201,33.88
0.74,686.0,245.0,220.5,3.5,4,0.25,3,14.397,11.95
0.98,514.5,294.0,110.25,7.0,5,0.25,1,24.274,26.58
0.71,710.5,269.5,220.5,3.5,5,0.4,4,10.818,17.11
0.71,710.5,269.5,220.5,3.5,5,0.25,5,14.717,17.37
0.69,735.0,294.0,220.5,3.5,5,0.4,2,12.627,16.8
0.76,661.5,416.5,122.5,7.0,4,0.1,5,33.15,33.9
0.98,514.5,294.0,110.25,7.0,3,0.1,4,32.713,21.52
0.71,710.5,269.5,220.5,3.5,2,0.4,1,14.512,17.1
0.9,563.5,318.5,122.5,7.0,2,0.1,1,33.249,31.88
0.66,759.5,318.5,220.5,3.5,3,0.25,2,12.945,13.59
0.64,784.0,343.0,220.5,3.5,4,0.25,5,18.155,20.31
0.64,784.0,343.0,220.5,3.5,3,0.1,5,10.703,14.89
0.74,686.0,245.0,220.5,3.5,2,0.25,2,11.57,15.03
0.9,563.5,318.5,122.5,7.0,4,0.1,1,35.767,34.02
0.74,686.0,245.0,220.5,3.5,5,0.1,5,14.482,16.94
0.82,612.5,318.5,147.0,7.0,3,0.1,2,23.903,27.56
0.71,710.5,269.5,220.5,3.5,2,0.25,2,10.719,15.21
0.9,563.5,318.5,122.5,7.0,2,0.4,4,32.792,33.66
0.74,686.0,245.0,220.5,3.5,5,0.25,5,14.524,14.62
0.64,784.0,343.0,220.5,3.5,3,0.25,3,15.211,18.9
0.64,784.0,343.0,220.5,3.5,4,0.25,3,16.72,19.83
0.82,612.5,318.5,147.0,7.0,4,0.25,3,23.256,25.82
0.86,588.0,294.0,147.0,7.0,2,0.25,2,31.629,30.13
0.64,784.0,343.0,220.5,3.5,3,0.25,2,17.504,19.61
0.69,735.0,294.0,220.5,3.5,4,0.4,1,10.397,13.3
0.69,735.0,294.0,220.5,3.5,4,0.25,4,14.61,16.8
0.69,735.0,294.0,220.5,3.5,2,0.4,4,14.523,15.39
0.64,784.0,343.0,220.5,3.5,2,0.25,3,12.647,20.31
0.64,784.0,343.0,220.5,3.5,3,0.25,2,15.192,20.27
0.74,686.0,245.0,220.5,3.5,3,0.25,5,14.317,15.18
0.76,661.5,416.5,122.5,7.0,3,0.4,5,33.133,33.89
0.9,563.5,318.5,122.5,7.0,3,0.1,4,36.234,25.11
0.82,710.5,318.5,147.0,7.0,4,0.1,5,32.478,34.98
0.71,710.5,269.5,220.5,3.5,4,0.25,1,10.77,17.3
0.79,637.0,343.0,147.0,7.0,5,0.1,2,36.896,43.91
0.62,808.5,367.5,220.5,3.5,4,0.0,0,9.63,12.13
0.74,710.5,269.5,220.5,3.5,3,0.0,0,6.459,11.76
0.76,735.0,416.5,122.5,7.0,3,0.25,3,33.044,33.66
0.66,759.5,318.5,220.5,3.5,2,0.25,5,12.819,16.29
0.82,661.5,416.5,122.5,7.0,5,0.1,5,10.574,34.29
0.79,588.0,343.0,147.0,7.0,2,0.1,3,40.365,29.25
0.74,686.0,245.0,220.5,3.5,3,0.25,3,14.145,14.8
0.66,759.5,318.5,220.5,3.5,3,0.4,3,15.332,18.15
0.79,637.0,343.0,147.0,7.0,2,0.25,2,34.613,45.86
0.74,686.0,245.0,220.5,3.5,2,0.4,2,14.686,13.38
0.79,637.0,343.0,147.0,7.0,5,0.4,4,41.222,44.3
0.69,735.0,294.0,220.5,3.5,4,0.4,1,11.577,15.11
0.9,563.5,318.5,122.5,7.0,2,0.1,3,33.559,29.87
0.62,808.5,367.5,220.5,3.5,5,0.1,1,9.398,13.63
0.86,588.0,294.0,147.0,7.0,4,0.0,0,26.633,28.54
0.79,637.0,343.0,147.0,7.0,3,0.25,3,36.974,35.21
0.98,686.0,245.0,110.25,7.0,4,0.1,4,32.735,33.96
0.69,735.0,294.0,220.5,3.5,4,0.4,3,14.245,16.4
0.66,759.5,318.5,220.5,3.5,5,0.25,1,15.161,15.17
0.66,759.5,318.5,220.5,3.5,5,0.1,2,9.79,12.87
0.64,784.0,343.0,220.5,3.5,2,0.1,3,15.185,19.24
0.62,808.5,367.5,220.5,3.5,2,0.4,2,16.653,14.17
0.86,808.5,367.5,220.5,3.5,5,0.1,5,16.729,16.8
0.98,514.5,294.0,110.25,7.0,5,0.25,4,24.297,21.37
0.79,637.0,343.0,147.0,7.0,4,0.1,5,37.394,44.3
0.79,637.0,343.0,147.0,7.0,5,0.1,3,42.351,34.58
0.66,759.5,318.5,220.5,3.5,2,0.4,1,11.668,15.16
0.82,661.5,416.5,122.5,7.0,4,0.1,5,40.727,37.49
0.71,710.5,269.5,220.5,3.5,3,0.25,4,10.727,17.55
0.98,686.0,245.0,110.25,7.0,5,0.4,4,32.932,32.91
0.9,563.5,318.5,122.5,7.0,3,0.4,5,32.586,29.4
0.71,710.5,269.5,220.5,3.5,4,0.25,3,10.462,17.63
0.76,661.5,416.5,122.5,7.0,3,0.1,5,35.411,34.26
0.86,686.0,245.0,220.5,3.5,2,0.1,3,10.375,16.96
0.82,612.5,318.5,147.0,7.0,4,0.0,0,36.574,29.07
0.76,661.5,416.5,122.5,7.0,3,0.1,4,35.967,29.87
0.69,735.0,294.0,220.5,3.5,5,0.1,4,11.204,16.87
0.64,784.0,343.0,220.5,3.5,3,0.25,1,13.03,18.9
0.79,661.5,343.0,220.5,3.5,3,0.4,3,17.054,20.82
0.62,808.5,367.5,220.5,3.5,4,0.1,5,12.955,14.54
0.69,735.0,294.0,220.5,3.5,5,0.25,2,12.105,18.66
0.74,686.0,245.0,220.5,3.5,4,0.1,1,10.182,14.46
0.82,612.5,318.5,147.0,7.0,4,0.4,4,23.227,29.11
0.76,661.5,416.5,122.5,7.0,5,0.1,1,36.515,35.26
0.82,612.5,318.5,147.0,7.0,5,0.4,1,29.173,35.15
0.62,808.5,367.5,220.5,3.5,2,0.25,3,12.334,14.89
0.9,514.5,318.5,122.5,7.0,3,0.25,5,32.722,37.16
0.71,710.5,269.5,220.5,3.5,4,0.4,2,12.116,17.47
0.66,759.5,318.5,220.5,3.5,2,0.4,3,14.785,16.16
0.98,514.5,294.0,110.25,7.0,3,0.4,4,24.288,26.4
0.74,686.0,245.0,220.5,3.5,2,0.4,2,14.263,16.94
0.66,759.5,318.5,220.5,3.5,5,0.1,3,11.678,14.73
0.71,710.5,269.5,220.5,3.5,4,0.4,3,14.397,17.23
0.98,514.5,294.0,110.25,7.0,2,0.4,2,28.653,30.43
0.79,637.0,343.0,147.0,7.0,3,0.25,2,41.634,44.14
0.76,661.5,416.5,122.5,7.0,4,0.1,2,39.511,44.18
0.66,759.5,318.5,220.5,3.5,2,0.4,3,15.222,16.38
0.86,588.0,294.0,147.0,7.0,5,0.25,1,26.573,44.33
0.69,735.0,294.0,220.5,3.5,4,0.25,4,12.331,15.18
0.9,563.5,318.5,122.5,7.0,4,0.25,3,33.79,32.37
0.82,612.5,318.5,147.0,7.0,5,0.1,2,25.389,28.57
0.69,735.0,294.0,220.5,3.5,3,0.25,3,14.725,17.21
0.86,588.0,294.0,147.0,7.0,2,0.25,2,31.908,31.88
0.86,784.0,294.0,220.5,3.5,3,0.4,2,10.737,14.84
0.69,735.0,294.0,220.5,3.5,4,0.25,1,14.459,15.56
0.98,514.5,294.0,110.25,7.0,4,0.25,5,24.431,34.03
0.76,661.5,416.5,122.5,7.0,4,0.25,5,39.953,37.55
0.74,808.5,367.5,220.5,3.5,3,0.25,2,12.238,15.05
0.74,686.0,245.0,220.5,3.5,3,0.4,5,14.241,15.68
0.98,514.5,294.0,110.25,7.0,5,0.1,4,24.607,26.15
0.66,759.5,318.5,220.5,3.5,2,0.4,4,14.963,15.53
0.79,637.0,343.0,147.0,7.0,2,0.1,3,36.969,39.04
0.74,686.0,245.0,220.5,3.5,2,0.4,1,14.488,16.95
0.64,784.0,343.0,220.5,3.5,3,0.4,2,18.334,19.28
0.69,735.0,294.0,220.5,3.5,4,0.25,1,10.998,15.57
0.66,759.5,318.5,220.5,3.5,4,0.1,5,15.301,15.83
0.69,735.0,294.0,220.5,3.5,3,0.1,5,12.462,15.51
0.76,661.5,416.5,122.5,7.0,3,0.25,2,36.862,42.95
0.79,637.0,343.0,147.0,7.0,2,0.4,3,39.084,41.5
0.66,759.5,318.5,220.5,3.5,5,0.4,3,11.436,14.67
0.64,784.0,343.0,220.5,3.5,2,0.25,5,15.533,16.73
0.76,661.5,416.5,122.5,7.0,4,0.1,3,40.228,37.32
0.98,514.5,294.0,110.25,7.0,3,0.4,5,28.562,32.86
0.98,514.5,294.0,110.25,7.0,3,0.1,1,24.568,34.01
0.82,612.5,318.5,147.0,7.0,2,0.4,4,25.843,27.26
0.86,759.5,343.0,220.5,3.5,5,0.1,3,15.165,17.78
0.64,784.0,343.0,220.5,3.5,3,0.0,0,17.005,11.87
0.74,686.0,245.0,220.5,3.5,4,0.1,4,10.428,13.38
0.98,514.5,294.0,110.25,7.0,5,0.25,5,32.273,26.07
0.76,661.5,416.5,122.5,7.0,2,0.4,5,32.336,37.01
0.9,661.5,416.5,122.5,7.0,5,0.4,5,34.395,22.55
0.74,686.0,245.0,220.5,3.5,5,0.1,2,14.456,13.55
0.98,514.5,294.0,110.25,7.0,3,0.1,4,33.071,25.87
0.66,759.5,318.5,220.5,3.5,4,0.25,5,15.254,18.18
0.74,686.0,245.0,220.5,3.5,2,0.25,5,14.288,12.08
0.9,563.5,318.5,122.5,7.0,2,0.4,5,24.072,27.85
0.9,563.5,318.5,122.5,7.0,3,0.1,4,32.337,29.41
0.71,710.5,269.5,220.5,3.5,2,0.1,2,10.795,14.21
0.76,661.5,416.5,122.5,7.0,4,0.1,1,35.572,34.15
0.98,514.5,294.0,110.25,7.0,4,0.4,5,24.547,30.47
0.79,637.0,343.0,147.0,7.0,2,0.1,2,38.233,38.96
0.62,808.5,367.5,220.5,3.5,5,0.1,4,14.713,15.16
0.74,686.0,245.0,220.5,3.5,4,0.1,2,14.447,13.43
0.62,588.0,367.5,220.5,3.5,5,0.4,3,16.916,17.1
0.71,710.5,367.5,220.5,3.5,5,0.4,3,12.444,15.36
0.9,514.5,294.0,110.25,7.0,5,0.25,2,32.929,32.84
0.74,686.0,294.0,220.5,3.5,4,0.25,2,14.495,16.96
0.69,735.0,294.0,220.5,3.5,3,0.25,1,14.681,16.7
0.64,784.0,343.0,220.5,3.5,3,0.1,2,17.121,19.37
0.64,784.0,343.0,220.5,3.5,3,0.25,3,14.709,20.37
0.98,514.5,294.0,110.25,7.0,5,0.1,3,33.069,29.69
0.71,710.5,269.5,220.5,3.5,2,0.25,4,12.22,16.16
0.69,735.0,294.0,220.5,3.5,3,0.0,0,6.411,12.69
0.64,784.0,343.0,220.5,3.5,5,0.25,2,15.19,16.78
0.82,612.5,318.5,147.0,7.0,2,0.1,3,24.063,29.94
0.76,661.5,416.5,122.5,7.0,3,0.25,2,35.73,37.37
0.74,686.0,245.0,220.5,3.5,4,0.25,4,14.504,13.6
0.9,514.5,294.0,110.25,7.0,5,0.25,5,14.347,29.61
0.98,514.5,294.0,110.25,7.0,5,0.1,5,28.617,33.51
0.79,637.0,343.0,147.0,7.0,4,0.4,2,40.851,36.83
0.66,759.5,318.5,220.5,3.5,3,0.1,2,11.643,14.83
0.74,686.0,245.0,220.5,3.5,2,0.25,4,10.381,16.92
0.9,563.5,318.5,122.5,7.0,3,0.4,1,36.85,36.9
0.9,563.5,318.5,122.5,7.0,3,0.4,5,32.004,36.34
0.76,661.5,416.5,122.5,7.0,2,0.0,0,7.449,12.68
0.69,735.0,294.0,220.5,3.5,5,0.25,4,11.185,15.16
0.9,563.5,318.5,122.5,7.0,5,0.4,5,32.436,33.32
0.82,612.5,318.5,147.0,7.0,4,0.25,3,23.15,28.53
0.69,735.0,294.0,220.5,3.5,5,0.1,1,14.348,17.22
0.71,710.5,269.5,220.5,3.5,3,0.4,2,14.001,14.2
0.69,735.0,294.0,220.5,3.5,3,0.1,1,12.452,14.29
0.64,784.0,343.0,220.5,3.5,3,0.1,4,15.198,19.26
0.62,808.5,367.5,220.5,3.5,4,0.4,2,13.028,14.86
0.64,784.0,343.0,220.5,3.5,2,0.1,1,15.175,20.5
0.76,661.5,416.5,122.5,7.0,2,0.25,5,31.844,37.82
0.79,637.0,343.0,147.0,7.0,4,0.1,2,39.702,34.32
0.9,563.5,318.5,122.5,7.0,5,0.1,2,29.702,25.45
0.79,612.5,318.5,147.0,7.0,4,0.25,5,37.934,28.15
0.64,784.0,343.0,220.5,3.5,5,0.1,5,15.162,20.22
0.74,686.0,245.0,220.5,3.5,5,0.1,3,10.471,13.36
0.82,612.5,318.5,147.0,7.0,4,0.4,4,23.441,28.94
0.98,514.5,294.0,110.25,7.0,3,0.1,5,32.64,26.04
0.76,661.5,416.5,122.5,7.0,3,0.1,5,33.245,39.82
0.62,808.5,367.5,220.5,3.5,3,0.1,2,12.995,14.15
0.9,563.5,318.5,122.5,7.0,2,0.25,1,35.802,35.59
0.64,784.0,343.0,220.5,3.5,5,0.25,4,18.958,19.37
0.86,588.0,294.0,147.0,7.0,3,0.1,3,23.108,26.45
0.66,759.5,318.5,220.5,3.5,4,0.1,5,11.903,18.05
0.82,612.5,318.5,147.0,7.0,5,0.4,3,29.338,31.54
0.69,735.0,294.0,220.5,3.5,2,0.4,3,11.044,16.97
0.76,661.5,416.5,122.5,7.0,4,0.25,4,40.134,37.5
0.79,637.0,343.0,147.0,7.0,4,0.1,4,36.742,42.66
0.79,637.0,343.0,147.0,7.0,5,0.1,3,41.263,36.48
0.86,588.0,294.0,147.0,7.0,3,0.4,5,32.032,32.16
0.76,661.5,416.5,122.5,7.0,5,0.25,5,32.318,33.69
0.69,735.0,294.0,220.5,3.5,2,0.1,5,11.099,14.47
0.62,808.5,416.5,220.5,3.5,4,0.4,3,12.879,15.22
0.74,686.0,245.0,220.5,3.5,4,0.1,2,14.455,16.99
0.64,784.0,343.0,220.5,3.5,4,0.4,2,15.209,19.23
0.9,563.5,318.5,122.5,7.0,4,0.25,3,28.706,29.71
0.74,686.0,245.0,220.5,3.5,4,0.1,2,14.472,13.06
0.64,784.0,343.0,220.5,3.5,2,0.25,2,15.544,14.41
0.76,661.5,416.5,122.5,7.0,3,0.25,4,31.803,37.28
0.82,563.5,318.5,220.5,3.5,2,0.1,2,28.609,20.77
0.98,514.5,294.0,110.25,7.0,5,0.4,1,32.73,25.89
0.76,661.5,416.5,122.5,7.0,3,0.1,3,33.085,30.07
0.62,808.5,367.5,220.5,3.5,3,0.25,4,14.708,15.22
0.76,661.5,416.5,122.5,7.0,3,0.1,4,36.531,36.36
0.86,588.0,294.0,147.0,7.0,3,0.4,4,26.25,28.66
0.71,710.5,269.5,220.5,3.5,5,0.4,1,10.844,15.66
0.79,637.0,343.0,147.0,7.0,2,0.4,1,41.387,45.54
0.86,588.0,294.0,147.0,7.0,5,0.1,3,29.523,27.28
0.9,759.5,318.5,122.5,3.5,4,0.1,4,7.258,34.59
0.9,563.5,318.5,122.5,7.0,4,0.1,1,35.751,25.43
0.62,808.5,367.5,220.5,3.5,5,0.1,1,17.144,14.33
0.66,759.5,318.5,220.5,3.5,4,0.4,5,14.778,15.3
0.62,808.5,367.5,220.5,3.5,2,0.25,1,16.781,15.33
0.82,612.5,318.5,147.0,7.0,3,0.25,2,33.101,28.37
0.86,588.0,294.0,147.0,7.0,5,0.25,4,32.733,31.88
0.82,612.5,318.5,147.0,7.0,5,0.25,4,28.299,24.91
0.71,710.5,269.5,220.5,3.5,5,0.25,3,14.531,14.86
0.71,710.5,269.5,220.5,3.5,3,0.4,4,14.614,17.06
0.66,759.5,318.5,220.5,3.5,3,0.25,4,13.038,17.58
0.62,808.5,367.5,220.5,3.5,3,0.25,4,15.718,21.56
0.74,686.0,245.0,220.5,3.5,5,0.4,5,14.302,16.8
0.9,686.0,318.5,122.5,7.0,5,0.1,2,28.854,34.95
0.9,563.5,318.5,122.5,7.0,5,0.0,2,28.781,29.46
0.64,784.0,343.0,220.5,3.5,2,0.25,2,15.211,20.0
0.79,637.0,343.0,147.0,7.0,3,0.1,3,41.422,38.96
0.66,759.5,318.5,220.5,3.5,5,0.1,3,15.222,14.75
0.76,588.0,416.5,122.5,7.0,3,0.25,2,38.959,37.26
0.98,514.5,294.0,110.25,7.0,5,0.25,2,24.429,30.58
0.86,588.0,294.0,147.0,7.0,2,0.25,4,26.758,26.38
0.98,514.5,294.0,110.25,7.0,5,0.25,3,28.636,29.54
0.79,637.0,343.0,147.0,7.0,2,0.25,4,38.15,44.19
0.64,784.0,343.0,220.5,3.5,2,0.1,3,19.489,23.74
0.98,514.5,294.0,110.25,7.0,2,0.25,5,24.274,34.05
0.82,612.5,318.5,147.0,7.0,4,0.1,3,23.201,26.62
0.98,514.5,294.0,110.25,7.0,2,0.1,3,24.069,29.65
0.86,588.0,294.0,147.0,7.0,2,0.25,1,24.823,31.12
0.71,710.5,269.5,220.5,3.5,5,0.1,5,10.437,13.84
0.79,612.5,318.5,147.0,7.0,3,0.0,3,22.946,26.98
0.9,563.5,318.5,122.5,7.0,3,0.1,3,28.835,28.22
0.79,637.0,343.0,147.0,7.0,2,0.1,4,40.962,39.22
0.79,637.0,343.0,147.0,7.0,5,0.1,5,35.275,42.31
0.86,588.0,294.0,147.0,7.0,2,0.25,2,25.843,26.51
0.82,612.5,318.5,147.0,7.0,2,0.1,3,23.6,28.57
0.98,514.5,294.0,110.25,7.0,5,0.1,2,32.711,30.06
0.82,612.5,318.5,147.0,7.0,2,0.1,2,34.672,28.77
0.79,637.0,343.0,147.0,7.0,2,0.25,1,42.188,45.06
0.64,784.0,343.0,220.5,3.5,2,0.4,4,15.536,19.71
0.79,637.0,343.0,147.0,7.0,2,0.4,5,39.147,41.68
0.69,735.0,294.0,220.5,3.5,3,0.1,2,12.362,15.19
0.82,612.5,318.5,147.0,7.0,4,0.25,3,34.681,29.63
0.76,661.5,416.5,122.5,7.0,3,0.1,5,39.152,39.14
0.86,588.0,294.0,147.0,7.0,4,0.25,3,26.977,27.69
0.69,735.0,294.0,220.5,3.5,5,0.4,2,11.556,14.89
0.79,637.0,343.0,147.0,7.0,3,0.4,5,38.5,41.57
0.66,759.5,318.5,220.5,3.5,2,0.1,2,13.094,12.6
0.69,735.0,294.0,220.5,3.5,4,0.4,1,12.088,15.61
0.76,661.5,416.5,122.5,7.0,3,0.1,5,33.178,39.7
0.9,563.5,318.5,122.5,7.0,2,0.1,4,28.237,30.54
0.98,563.5,294.0,147.0,7.0,4,0.25,5,24.538,37.2
0.82,612.5,318.5,147.0,7.0,4,0.25,4,28.258,34.11
0.74,686.0,245.0,220.5,3.5,4,0.4,5,10.398,16.91
0.69,735.0,294.0,220.5,3.5,4,0.25,2,14.692,15.79
0.82,612.5,318.5,147.0,7.0,5,0.4,5,22.899,28.32
0.64,784.0,343.0,220.5,3.5,2,0.25,1,18.604,19.33
0.98,514.5,294.0,110.25,7.0,3,0.25,5,28.638,30.06
0.86,588.0,294.0,147.0,7.0,2,0.1,4,32.636,32.9
0.74,686.0,245.0,220.5,3.5,5,0.25,5,14.267,15.19
0.76,661.5,416.5,122.5,7.0,3,0.4,3,35.91,39.21
0.64,784.0,343.0,220.5,3.5,2,0.25,1,15.365,20.77
0.82,612.5,318.5,147.0,7.0,5,0.1,4,29.548,27.76
0.64,784.0,343.0,220.5,3.5,4,0.4,5,17.103,20.36
0.82,612.5,318.5,147.0,7.0,3,0.4,5,25.542,26.54
0.74,686.0,245.0,220.5,3.5,3,0.1,4,10.396,13.41
0.74,686.0,245.0,220.5,3.5,2,0.1,5,10.266,13.36
0.82,612.5,318.5,147.0,7.0,4,0.4,3,31.183,28.32
0.79,637.0,343.0,147.0,7.0,4,0.25,1,39.618,45.65
0.62,808.5,367.5,220.5,3.5,5,0.25,4,16.089,18.19
0.98,514.5,294.0,110.25,7.0,5,0.25,5,24.59,34.14
0.76,588.0,294.0,147.0,7.0,4,0.25,5,28.606,29.66
0.64,784.0,343.0,220.5,3.5,2,0.1,2,15.224,20.06
0.79,784.0,343.0,220.5,3.5,4,0.1,4,15.192,20.59
0.76,661.5,416.5,122.5,7.0,4,0.0,0,32.632,33.89
0.74,686.0,245.0,220.5,3.5,4,0.4,4,14.459,16.91
0.66,759.5,318.5,220.5,3.5,4,0.1,5,15.215,14.56
0.9,563.5,318.5,122.5,7.0,2,0.25,3,32.717,29.41
0.76,661.5,416.5,122.5,7.0,3,0.1,4,40.645,33.86
0.98,514.5,294.0,110.25,7.0,3,0.25,2,24.6,25.91
0.74,686.0,245.0,220.5,3.5,5,0.25,1,14.131,17.05
0.74,686.0,245.0,220.5,3.5,4,0.1,3,14.513,16.96
0.71,710.5,269.5,220.5,3.5,3,0.1,3,14.708,17.66
0.76,661.5,416.5,122.5,7.0,5,0.4,4,35.727,37.19
0.82,612.5,318.5,147.0,7.0,5,0.4,2,32.78,27.73
0.9,686.0,245.0,122.5,7.0,2,0.4,4,28.297,37.04
0.82,612.5,318.5,147.0,7.0,2,0.1,2,23.988,27.39
0.66,759.5,318.5,220.5,3.5,3,0.1,3,11.59,13.66
0.69,735.0,294.0,220.5,3.5,4,0.4,2,12.355,15.13
0.74,686.0,245.0,220.5,3.5,5,0.4,4,13.154,17.32
0.66,759.5,318.5,220.5,3.5,3,0.25,5,15.298,17.7
0.62,808.5,367.5,220.5,3.5,2,0.25,5,14.362,16.65
0.86,588.0,294.0,147.0,7.0,3,0.1,3,29.447,28.67
0.62,808.5,367.5,220.5,3.5,2,0.1,5,12.995,17.18
0.62,808.5,367.5,220.5,3.5,2,0.25,2,14.647,16.18
0.64,784.0,343.0,220.5,3.5,5,0.1,5,15.227,19.25
0.79,637.0,343.0,147.0,7.0,3,0.25,3,37.788,44.8
0.98,514.5,294.0,110.25,7.0,4,0.25,2,28.593,37.97
0.76,661.5,416.5,122.5,7.0,3,0.1,1,39.081,29.87
0.71,710.5,269.5,220.5,3.5,4,0.4,3,12.362,17.46
0.82,612.5,318.5,147.0,7.0,4,0.1,4,22.941,28.87
0.66,759.5,318.5,220.5,3.5,5,0.25,2,7.028,12.08
0.71,710.5,269.5,220.5,3.5,4,0.4,5,12.353,15.0
0.76,661.5,416.5,122.5,7.0,3,0.1,4,40.452,40.02
0.76,661.5,416.5,122.5,7.0,2,0.25,3,38.262,37.4
0.74,735.0,294.0,220.5,3.5,4,0.25,1,14.54,14.88
0.86,588.0,294.0,147.0,7.0,4,0.1,5,32.346,30.86
0.69,735.0,294.0,220.5,3.5,3,0.4,3,11.183,16.7
0.66,686.0,318.5,220.5,3.5,5,0.25,5,11.638,16.1
0.64,784.0,343.0,220.5,3.5,5,0.4,2,15.525,20.94
0.82,612.5,318.5,147.0,7.0,4,0.25,2,25.846,37.26
0.69,735.0,294.0,220.5,3.5,4,0.4,4,12.882,15.85
0.69,735.0,294.0,220.5,3.5,3,0.4,4,14.695,16.91
0.66,759.5,318.5,220.5,3.5,2,0.4,4,15.295,16.38
0.71,710.5,269.5,220.5,3.5,2,0.0,0,6.444,11.82
0.71,710.5,269.5,220.5,3.5,4,0.1,3,10.691,17.15
0.71,710.5,343.0,220.5,3.5,2,0.1,1,10.727,16.69
0.62,808.5,367.5,220.5,3.5,3,0.4,2,12.956,15.2
0.76,661.5,416.5,122.5,7.0,3,0.1,2,28.497,39.35
0.71,710.5,269.5,220.5,3.5,2,0.4,4,12.235,14.2
0.79,637.0,343.0,147.0,7.0,2,0.1,4,38.234,42.52
0.82,612.5,318.5,147.0,7.0,2,0.1,2,28.856,28.49
0.98,514.5,294.0,110.25,7.0,2,0.1,2,32.286,25.96
0.74,686.0,245.0,220.5,3.5,2,0.4,5,14.288,14.71
0.71,710.5,269.5,220.5,3.5,4,0.4,2,12.408,14.25
0.69,735.0,294.0,220.5,3.5,5,0.25,2,10.899,14.72
0.82,637.0,343.0,147.0,7.0,3,0.25,5,28.302,30.1
0.76,661.5,416.5,122.5,7.0,3,0.1,3,36.861,35.71
0.69,735.0,294.0,220.5,3.5,5,0.25,5,10.883,15.24
0.62,808.5,367.5,220.5,3.5,5,0.1,5,12.737,14.37
0.71,710.5,269.5,220.5,3.5,3,0.25,5,12.402,14.19
0.98,514.5,294.0,110.25,7.0,2,0.1,2,24.585,30.26
0.62,808.5,367.5,220.5,3.5,5,0.1,2,13.011,15.42
0.74,686.0,245.0,220.5,3.5,5,0.4,4,14.536,17.29
0.71,710.5,269.5,220.5,3.5,3,0.25,1,12.297,14.96
0.9,563.5,318.5,122.5,7.0,2,0.1,1,28.877,32.11
0.98,514.5,294.0,110.25,7.0,2,0.25,3,28.046,31.84
0.98,514.5,294.0,110.25,7.0,3,0.4,4,28.24,29.68
0.9,563.5,318.5,122.5,7.0,4,0.4,4,32.979,32.64
0.98,514.5,294.0,110.25,7.0,2,0.25,2,28.756,30.58
0.74,686.0,245.0,220.5,3.5,4,0.4,3,14.497,11.87
0.9,563.5,318.5,122.5,7.0,2,0.25,4,25.798,29.97
0.82,612.5,318.5,147.0,7.0,4,0.4,5,29.686,29.19
0.9,563.5,318.5,122.5,7.0,5,0.4,4,29.133,29.38
0.62,808.5,367.5,220.5,3.5,5,0.1,1,12.754,14.39
0.98,612.5,318.5,147.0,7.0,4,0.4,4,25.816,28.82
0.98,514.5,294.0,110.25,7.0,4,0.25,4,24.198,30.32
0.66,759.5,318.5,220.5,3.5,5,0.25,1,11.387,12.09
0.79,637.0,343.0,147.0,7.0,2,0.1,3,22.965,37.58
0.74,686.0,245.0,220.5,3.5,5,0.1,1,14.454,13.57
0.82,612.5,318.5,147.0,7.0,2,0.1,1,23.088,30.04
0.98,514.5,294.0,110.25,7.0,3,0.25,2,32.551,33.1
0.9,710.5,269.5,122.5,7.0,2,0.1,4,32.322,29.45
0.74,686.0,245.0,220.5,3.5,5,0.1,3,10.373,13.43
0.69,735.0,294.0,220.5,3.5,2,0.4,3,14.092,17.15
0.69,735.0,294.0,220.5,3.5,2,0.1,5,12.475,14.45
0.64,784.0,343.0,220.5,3.5,4,0.25,2,17.659,20.43
0.69,735.0,294.0,220.5,3.5,2,0.1,3,14.199,14.79
0.82,612.5,318.5,147.0,7.0,4,0.25,2,23.845,28.91
0.74,686.0,245.0,220.5,3.5,2,0.4,2,10.217,16.64
0.79,637.0,343.0,147.0,7.0,4,0.1,4,38.497,45.02
0.62,808.5,367.5,220.5,3.5,4,0.1,3,14.674,16.93
0.74,686.0,245.0,220.5,3.5,4,0.4,3,11.754,13.45
0.82,612.5,318.5,147.0,7.0,4,0.4,1,25.837,31.16
0.82,612.5,318.5,147.0,7.0,2,0.25,4,25.388,27.37
0.71,710.5,269.5,220.5,3.5,4,0.1,1,10.782,14.16
0.79,637.0,343.0,147.0,7.0,5,0.25,1,17.055,45.63
0.71,710.5,269.5,220.5,3.5,2,0.1,3,12.145,14.47
0.62,808.5,367.5,220.5,3.5,3,0.0,0,12.675,13.02
0.69,735.0,294.0,220.5,3.5,2,0.4,4,12.129,18.98
0.79,637.0,343.0,147.0,7.0,5,0.25,5,39.968,44.71
0.71,710.5,269.5,220.5,3.5,4,0.4,3,10.738,14.26
0.82,637.0,318.5,147.0,7.0,2,0.1,1,35.721,41.86
0.64,784.0,343.0,220.5,3.5,2,0.1,2,15.172,19.34
0.86,588.0,294.0,147.0,7.0,2,0.25,5,29.581,42.83
0.82,612.5,318.5,147.0,7.0,2,0.25,3,23.454,34.58
0.62,808.5,367.5,220.5,3.5,5,0.1,3,13.01,16.99
0.71,710.5,269.5,220.5,3.5,2,0.25,2,14.41,16.69
0.79,637.0,343.0,147.0,7.0,2,0.4,2,37.003,36.73
0.86,588.0,294.0,147.0,7.0,3,0.25,4,26.7,28.63
0.98,514.5,294.0,110.25,7.0,3,0.1,5,28.215,30.25
0.79,637.0,343.0,147.0,7.0,2,0.4,2,37.463,36.25
0.9,563.5,318.5,122.5,7.0,4,0.4,1,33.097,40.87
0.66,759.5,318.5,220.5,3.5,2,0.1,4,15.547,13.74
0.98,514.5,294.0,110.25,7.0,4,0.1,3,28.561,26.46
0.69,735.0,294.0,220.5,3.5,2,0.1,1,11.202,14.73
0.66,759.5,318.5,220.5,3.5,2,0.4,2,14.767,17.82
0.71,710.5,269.5,220.5,3.5,5,0.4,4,10.796,15.43
0.69,735.0,294.0,220.5,3.5,3,0.25,3,14.084,14.93
0.74,686.0,245.0,220.5,3.5,3,0.1,3,14.497,15.05
0.86,588.0,294.0,147.0,7.0,5,0.1,5,32.394,30.08
0.66,759.5,318.5,220.5,3.5,3,0.4,2,15.314,14.71
0.62,808.5,367.5,220.5,3.5,2,0.25,3,14.6,14.39
0.79,588.0,245.0,147.0,7.0,3,0.25,3,29.396,45.22
0.76,661.5,416.5,122.5,7.0,3,0.1,4,38.893,14.4
0.82,612.5,318.5,147.0,7.0,4,0.4,3,23.399,28.76
0.69,735.0,294.0,220.5,3.5,2,0.25,1,8.302,16.93
0.86,588.0,294.0,147.0,7.0,2,0.1,1,31.8,34.18
0.82,612.5,318.5,147.0,7.0,2,0.25,1,25.459,34.56
0.71,710.5,269.5,220.5,3.5,5,0.25,2,10.483,13.81
0.79,637.0,343.0,147.0,7.0,3,0.25,2,39.989,37.23
0.82,612.5,318.5,147.0,7.0,4,0.25,2,24.114,31.6
0.64,784.0,343.0,220.5,3.5,3,0.4,1,15.16,20.05
0.98,514.5,294.0,110.25,7.0,3,0.4,4,32.662,33.62
0.74,686.0,245.0,220.5,3.5,5,0.4,5,14.498,16.92
0.79,710.5,343.0,220.5,3.5,2,0.1,2,15.356,14.83
0.69,735.0,294.0,220.5,3.5,4,0.25,3,16.576,16.78
0.79,637.0,343.0,147.0,7.0,4,0.1,3,41.943,33.88
0.74,686.0,245.0,220.5,3.5,2,0.25,3,14.107,17.14
0.64,784.0,343.0,220.5,3.5,3,0.1,4,16.909,20.0
0.9,563.5,318.5,122.5,7.0,5,0.4,3,29.105,29.95
0.71,710.5,269.5,220.5,3.5,2,0.4,5,14.132,16.96
0.86,808.5,367.5,220.5,3.5,4,0.1,5,14.607,15.41
0.69,735.0,294.0,220.5,3.5,5,0.1,2,12.982,14.42
0.74,686.0,245.0,220.5,3.5,2,0.1,3,10.42,13.73
0.82,612.5,318.5,147.0,7.0,5,0.4,1,35.171,27.11
0.98,514.5,294.0,110.25,7.0,2,0.4,2,24.294,26.54
0.64,784.0,343.0,220.5,3.5,5,0.1,4,15.194,22.09
0.64,784.0,343.0,220.5,3.5,2,0.25,2,15.365,19.5
0.76,661.5,416.5,122.5,7.0,2,0.1,1,34.834,37.47
0.64,784.0,343.0,220.5,3.5,2,0.1,5,17.974,20.43
0.9,563.5,318.5,122.5,7.0,5,0.25,4,32.374,36.95
0.69,735.0,294.0,220.5,3.5,4,0.25,3,12.689,15.47
0.74,686.0,245.0,220.5,3.5,3,0.4,5,14.506,14.76
0.69,735.0,294.0,220.5,3.5,4,0.4,4,14.602,17.15
0.9,563.5,318.5,122.5,7.0,3,0.1,3,29.635,35.99
0.71,710.5,269.5,220.5,3.5,4,0.1,4,10.588,14.75
0.9,563.5,318.5,122.5,7.0,2,0.25,2,32.983,30.05
0.71,710.5,269.5,220.5,3.5,4,0.1,2,14.69,13.68
0.82,612.5,318.5,147.0,7.0,2,0.4,2,23.71,29.15
0.98,514.5,294.0,110.25,7.0,5,0.25,5,28.635,33.12
0.76,661.5,416.5,122.5,7.0,2,0.1,5,40.221,37.44
0.9,563.5,318.5,122.5,7.0,4,0.0,0,6.424,25.49
0.71,710.5,269.5,220.5,3.5,4,0.4,2,12.448,14.93
0.98,514.5,294.0,110.25,7.0,4,0.25,1,32.711,24.89
0.66,759.5,318.5,220.5,3.5,4,0.1,1,11.674,14.8
0.62,808.5,367.5,220.5,3.5,5,0.25,2,7.833,15.37
0.76,784.0,343.0,122.5,3.5,4,0.1,4,33.072,20.95
0.66,759.5,318.5,220.5,3.5,5,0.25,1,11.582,17.78
0.64,784.0,343.0,220.5,3.5,4,0.1,4,15.193,19.4
0.71,710.5,269.5,220.5,3.5,5,0.4,4,12.203,17.44
0.82,612.5,318.5,147.0,7.0,2,0.4,4,24.129,27.7
0.74,686.0,245.0,220.5,3.5,2,0.25,3,14.393,14.59
0.82,612.5,318.5,147.0,7.0,5,0.1,4,23.632,28.72
0.74,686.0,245.0,220.5,3.5,2,0.1,5,14.43,13.63
0.82,612.5,318.5,147.0,7.0,5,0.25,1,41.303,24.78
0.69,735.0,294.0,220.5,3.5,4,0.1,5,11.159,13.44
0.86,588.0,294.0,147.0,7.0,5,0.25,1,25.659,25.14
0.74,686.0,245.0,220.5,3.5,4,0.1,3,10.363,13.39
0.62,808.5,367.5,220.5,3.5,5,0.4,5,14.283,16.64
0.69,735.0,294.0,220.5,3.5,2,0.4,2,11.197,15.61
0.76,661.5,416.5,122.5,7.0,5,0.1,2,33.056,41.12
0.98,514.5,294.0,110.25,7.0,2,0.25,5,24.572,25.91
0.9,563.5,318.5,122.5,7.0,5,0.25,1,25.553,27.8
0.69,735.0,294.0,220.5,3.5,5,0.1,5,14.29,19.31
0.9,563.5,318.5,122.5,7.0,4,0.4,3,34.032,32.44
0.62,808.5,367.5,220.5,3.5,5,0.1,5,14.566,14.55
0.82,612.5,318.5,147.0,7.0,3,0.25,5,25.519,29.0
0.64,784.0,343.0,220.5,3.5,2,0.25,3,16.608,20.31
0.79,563.5,318.5,122.5,7.0,3,0.4,4,40.478,44.02
0.82,612.5,318.5,147.0,7.0,2,0.1,5,28.972,31.31
0.9,563.5,318.5,122.5,7.0,4,0.25,4,32.408,36.93
0.9,661.5,416.5,122.5,7.0,4,0.25,3,32.351,40.84
0.98,514.5,294.0,110.25,7.0,3,0.4,2,32.6,26.15
0.82,612.5,318.5,147.0,7.0,3,0.4,2,23.844,27.63
0.69,686.0,294.0,220.5,3.5,5,0.1,2,14.715,16.14
0.82,612.5,318.5,147.0,7.0,4,0.4,5,25.871,26.08
0.9,563.5,318.5,122.5,7.0,2,0.1,5,35.042,37.04
0.82,612.5,318.5,147.0,7.0,5,0.25,2,25.065,27.47
0.66,759.5,318.5,220.5,3.5,5,0.4,5,11.524,14.83
0.69,735.0,294.0,220.5,3.5,4,0.25,4,12.035,14.46
0.66,759.5,318.5,220.5,3.5,2,0.4,3,14.887,17.75
0.76,661.5,416.5,122.5,7.0,2,0.4,3,33.01,34.3
0.98,514.5,294.0,110.25,7.0,3,0.25,1,28.355,32.89
0.74,686.0,245.0,220.5,3.5,5,0.4,3,14.301,15.13
0.98,514.5,294.0,110.25,7.0,5,0.25,4,32.739,33.01
0.66,759.5,318.5,220.5,3.5,4,0.25,2,14.813,16.1
0.64,784.0,343.0,220.5,3.5,2,0.1,2,15.209,20.29
0.79,637.0,343.0,147.0,7.0,3,0.4,5,41.266,42.32
0.62,808.5,367.5,220.5,3.5,4,0.25,5,17.083,14.65
0.71,710.5,269.5,220.5,3.5,5,0.25,5,12.26,15.8
0.66,759.5,318.5,220.5,3.5,3,0.25,5,15.214,14.52
0.86,588.0,294.0,147.0,7.0,2,0.4,5,29.535,28.47
0.86,588.0,294.0,147.0,7.0,4,0.25,2,29.86,36.96
0.69,735.0,294.0,220.5,3.5,4,0.1,2,11.031,16.9
0.71,710.5,269.5,220.5,3.5,2,0.25,4,12.335,14.29
0.74,686.0,245.0,220.5,3.5,2,0.25,3,12.131,14.68
0.9,563.5,318.5,122.5,7.0,4,0.25,5,35.826,34.73
0.64,784.0,343.0,220.5,3.5,5,0.1,2,18.98,16.71
0.82,661.5,416.5,122.5,7.0,4,0.4,4,35.996,35.1
0.71,710.5,269.5,220.5,3.5,4,0.25,1,12.258,14.83
0.74,686.0,245.0,220.5,3.5,4,0.4,4,14.49,17.29
0.82,612.5,318.5,147.0,7.0,4,0.1,5,29.514,27.82
0.71,784.0,367.5,220.5,3.5,4,0.1,3,13.95,14.68
0.69,735.0,294.0,220.5,3.5,5,0.1,5,14.476,16.98
0.79,637.0,343.0,147.0,7.0,5,0.4,3,37.175,36.87
0.9,514.5,294.0,110.25,7.0,3,0.25,1,32.253,33.04
0.98,514.5,294.0,110.25,7.0,4,0.25,4,28.248,30.04
0.79,637.0,343.0,147.0,7.0,2,0.1,5,42.133,39.04
0.86,588.0,294.0,147.0,7.0,3,0.0,0,28.059,34.66
0.71,735.0,294.0,220.5,3.5,4,0.1,3,11.636,15.37
0.82,612.5,318.5,147.0,7.0,4,0.25,3,32.106,27.53
0.64,784.0,343.0,220.5,3.5,3,0.0,0,21.79,16.7
0.74,686.0,245.0,220.5,3.5,3,0.25,4,14.526,17.05
0.64,784.0,343.0,220.5,3.5,2,0.4,2,17.031,20.67
0.98,514.5,294.0,110.25,7.0,2,0.1,1,28.81,26.05
0.76,661.5,416.5,122.5,7.0,5,0.25,2,36.805,37.23
0.64,735.0,343.0,220.5,3.5,3,0.25,5,15.188,20.84
0.64,784.0,343.0,220.5,3.5,2,0.1,1,15.204,20.82
0.86,588.0,294.0,147.0,7.0,2,0.4,2,31.674,36.23
0.66,759.5,318.5,220.5,3.5,2,0.4,4,11.412,16.0
0.71,710.5,269.5,220.5,3.5,3,0.4,3,10.702,14.08
0.98,514.5,294.0,110.25,7.0,4,0.25,1,28.096,25.33
0.64,784.0,343.0,220.5,3.5,5,0.25,3,16.638,20.66
0.71,710.5,269.5,220.5,3.5,4,0.25,4,12.456,14.26
0.69,735.0,294.0,220.5,3.5,3,0.1,5,14.113,13.81
0.66,759.5,318.5,220.5,3.5,4,0.4,5,14.876,17.68
0.76,661.5,416.5,122.5,7.0,2,0.1,4,32.327,33.89
0.69,735.0,294.0,220.5,3.5,3,0.25,1,12.967,16.15
0.79,637.0,343.0,147.0,7.0,4,0.1,5,41.454,42.83
0.64,784.0,343.0,220.5,3.5,3,0.4,4,15.505,22.74
0.71,710.5,269.5,220.5,3.5,2,0.4,2,14.464,17.02
0.86,588.0,294.0,147.0,7.0,2,0.25,3,26.347,27.18
0.69,735.0,294.0,220.5,3.5,2,0.25,5,14.453,15.36
0.74,514.5,294.0,110.25,3.5,5,0.25,5,14.609,17.88
0.71,710.5,269.5,220.5,3.5,2,0.25,4,12.294,16.1
0.66,759.5,318.5,220.5,3.5,5,0.25,2,11.648,16.03
0.82,612.5,318.5,147.0,7.0,4,0.1,5,24.056,27.11
0.74,686.0,245.0,220.5,3.5,3,0.25,5,14.493,13.52
0.64,784.0,343.0,220.5,3.5,2,0.4,4,18.702,19.28
0.9,563.5,318.5,122.5,7.0,4,0.1,4,23.96,39.7
0.86,588.0,294.0,147.0,7.0,3,0.25,2,31.728,36.31
0.71,710.5,269.5,220.5,3.5,5,0.0,0,6.448,11.92
0.9,563.5,318.5,122.5,7.0,2,0.4,1,35.569,35.03
0.76,661.5,416.5,122.5,7.0,2,0.1,1,33.237,39.65
0.82,612.5,318.5,147.0,7.0,3,0.4,2,22.872,26.89
0.86,588.0,294.0,147.0,7.0,3,0.1,2,31.915,32.05
0.69,735.0,294.0,220.5,3.5,2,0.1,3,11.523,16.9
0.9,563.5,318.5,122.5,7.0,5,0.1,5,28.871,34.72
0.69,735.0,294.0,220.5,3.5,4,0.25,1,11.018,16.72
0.71,710.5,269.5,220.5,3.5,3,0.4,2,16.675,15.98
0.98,514.5,294.0,110.25,7.0,5,0.1,1,24.469,26.27
0.71,710.5,269.5,220.5,3.5,4,0.1,1,10.828,14.95
0.66,759.5,318.5,220.5,3.5,5,0.1,4,11.433,14.26
0.79,637.0,343.0,147.0,7.0,2,0.25,3,38.725,45.27
0.66,759.5,318.5,220.5,3.5,2,0.1,3,11.458,17.94
0.86,588.0,294.0,147.0,7.0,3,0.4,4,31.706,28.42
0.79,637.0,343.0,147.0,7.0,2,0.25,3,38.115,39.23
0.79,637.0,343.0,147.0,7.0,2,0.1,5,42.048,45.89
0.62,808.5,367.5,220.5,3.5,3,0.25,4,18.023,17.26
0.98,514.5,294.0,110.25,7.0,4,0.1,2,32.816,30.03
0.71,710.5,269.5,220.5,3.5,4,0.4,3,14.504,17.03
0.74,686.0,245.0,220.5,3.5,3,0.4,3,14.526,13.95
0.69,735.0,294.0,220.5,3.5,2,0.25,5,11.193,17.87
0.64,784.0,343.0,220.5,3.5,4,0.4,5,15.162,20.17
0.64,784.0,343.0,220.5,3.5,2,0.25,2,15.523,19.91
0.66,759.5,318.5,220.5,3.5,3,0.4,2,15.201,13.83
0.9,563.5,318.5,122.5,7.0,4,0.1,4,28.245,34.29
0.69,735.0,294.0,220.5,3.5,5,0.1,2,14.241,14.97
0.64,784.0,343.0,220.5,3.5,5,0.25,5,15.222,19.71
0.98,514.5,294.0,110.25,7.0,3,0.4,5,31.896,33.72
0.76,661.5,416.5,122.5,7.0,4,0.1,3,29.865,41.22
0.69,735.0,294.0,220.5,3.5,2,0.25,1,14.306,14.57
0.98,514.5,294.0,110.25,7.0,4,0.4,1,28.385,29.99
0.98,514.5,294.0,110.25,7.0,2,0.1,0,28.335,29.52
0.79,637.0,343.0,147.0,7.0,3,0.4,1,38.564,45.38
0.82,612.5,318.5,147.0,7.0,4,0.1,5,22.873,29.01
0.71,710.5,269.5,220.5,3.5,4,0.0,0,14.328,12.47
0.64,784.0,343.0,220.5,3.5,5,0.1,4,16.874,20.46
0.9,563.5,318.5,122.5,7.0,4,0.1,3,33.215,29.63
0.9,563.5,245.0,122.5,7.0,5,0.1,4,32.577,29.61
0.9,563.5,318.5,122.5,7.0,3,0.25,3,29.821,29.45
0.64,784.0,343.0,220.5,3.5,5,0.25,1,17.929,20.61
0.86,588.0,294.0,147.0,7.0,5,0.4,2,31.729,31.54
0.9,563.5,318.5,122.5,7.0,4,0.1,2,29.058,29.94
0.76,661.5,416.5,122.5,7.0,4,0.25,1,36.575,35.05
0.9,563.5,318.5,122.5,7.0,3,0.25,2,29.698,36.4
0.86,588.0,294.0,147.0,7.0,5,0.1,2,26.077,26.64
0.74,686.0,245.0,220.5,3.5,5,0.25,2,14.318,14.72
0.74,686.0,245.0,220.5,3.5,4,0.25,5,10.366,16.61
0.64,784.0,343.0,220.5,3.5,5,0.1,1,15.179,16.7
0.66,759.5,318.5,220.5,3.5,2,0.1,2,14.749,16.08
0.69,735.0,294.0,220.5,3.5,5,0.1,2,12.883,14.45
0.69,735.0,294.0,220.5,3.5,5,0.1,2,14.473,16.92
0.62,808.5,367.5,220.5,3.5,5,0.25,2,12.755,14.98
0.71,710.5,269.5,220.5,3.5,3,0.1,1,10.751,13.69
0.86,588.0,294.0,147.0,7.0,5,0.25,2,29.757,30.06
0.76,661.5,416.5,122.5,7.0,3,0.1,3,35.233,34.24
0.82,612.5,318.5,147.0,7.0,4,0.1,3,23.093,28.41
0.86,588.0,294.0,147.0,7.0,2,0.4,5,31.714,30.12
0.98,514.5,294.0,110.25,7.0,3,0.4,2,28.813,30.35
0.82,612.5,318.5,147.0,7.0,5,0.25,1,38.092,36.33
0.98,514.5,294.0,110.25,7.0,2,0.1,5,24.419,25.91
0.62,808.5,367.5,220.5,3.5,4,0.1,1,16.901,17.0
0.82,735.0,294.0,220.5,3.5,4,0.1,5,32.83,14.55
0.74,686.0,245.0,220.5,3.5,4,0.25,3,10.419,17.35
0.82,612.5,318.5,147.0,7.0,2,0.1,2,25.586,28.41
0.64,784.0,343.0,220.5,3.5,2,0.1,3,15.183,20.28
0.71,710.5,269.5,220.5,3.5,5,0.25,4,12.421,16.06
0.98,686.0,245.0,220.5,3.5,3,0.25,2,12.057,13.87
0.98,514.5,294.0,110.25,7.0,3,0.1,2,32.71,25.96
0.76,661.5,416.5,122.5,7.0,3,0.1,4,40.717,33.86
0.82,612.5,318.5,147.0,7.0,4,0.1,4,23.237,28.79
0.71,710.5,269.5,220.5,3.5,2,0.25,2,12.291,16.82
0.76,661.5,416.5,122.5,7.0,4,0.1,3,34.454,37.41
0.62,808.5,367.5,220.5,3.5,4,0.1,4,11.399,14.53
0.9,514.5,245.0,110.25,7.0,2,0.25,1,33.188,26.06
0.9,563.5,318.5,122.5,7.0,5,0.1,4,28.956,34.13
0.86,784.0,343.0,220.5,3.5,4,0.4,5,16.865,20.49
0.64,784.0,343.0,220.5,3.5,4,0.25,3,16.569,20.59
0.74,808.5,245.0,220.5,3.5,4,0.25,4,10.365,17.31
0.86,588.0,294.0,147.0,7.0,4,0.1,1,25.0,36.31
0.69,735.0,294.0,220.5,3.5,4,0.1,1,12.934,16.5
0.79,637.0,343.0,147.0,7.0,5,0.25,4,39.206,36.28
0.64,784.0,343.0,220.5,3.5,4,0.25,2,16.546,20.54
0.69,735.0,294.0,220.5,3.5,5,0.25,3,12.481,16.1
0.71,710.5,269.5,220.5,3.5,2,0.4,1,12.282,15.18
0.71,710.5,269.5,220.5,3.5,5,0.4,3,16.872,15.82
0.76,661.5,416.5,122.5,7.0,3,0.1,2,33.178,35.12
0.69,735.0,294.0,220.5,3.5,3,0.1,3,12.914,15.02
0.66,759.5,318.5,220.5,3.5,3,0.25,5,14.838,15.84
0.9,563.5,318.5,122.5,7.0,3,0.25,4,27.115,25.9
0.69,735.0,294.0,220.5,3.5,2,0.25,4,14.699,14.29
0.69,735.0,294.0,220.5,3.5,2,0.1,3,14.161,16.98
0.74,686.0,245.0,220.5,3.5,3,0.25,4,10.238,15.22
0.98,514.5,294.0,110.25,7.0,3,0.4,2,32.229,26.09
0.86,588.0,294.0,147.0,7.0,5,0.1,5,31.129,35.72
0.62,808.5,367.5,220.5,3.5,5,0.4,2,12.792,14.37
0.9,563.5,318.5,122.5,7.0,3,0.1,4,20.963,25.14
0.86,588.0,294.0,147.0,7.0,3,0.25,3,29.431,30.02
0.76,661.5,416.5,122.5,7.0,2,0.1,2,30.273,34.12
0.71,710.5,269.5,220.5,3.5,2,0.25,1,12.28,15.21
0.98,514.5,294.0,110.25,3.5,4,0.1,5,11.451,25.98
0.62,808.5,367.5,220.5,3.5,2,0.4,2,13.032,16.4
0.98,514.5,294.0,110.25,7.0,5,0.4,1,28.108,30.01
0.98,588.0,294.0,110.25,7.0,4,0.1,3,32.71,25.93
0.74,686.0,245.0,220.5,3.5,5,0.4,4,13.958,16.54
0.71,710.5,269.5,220.5,3.5,4,0.25,4,10.756,14.1
0.64,784.0,343.0,220.5,3.5,5,0.25,5,14.644,16.74
0.66,759.5,318.5,220.5,3.5,4,0.1,4,14.876,14.83
0.82,612.5,318.5,147.0,7.0,5,0.1,5,23.086,27.4
0.62,808.5,367.5,220.5,3.5,5,0.25,2,12.951,14.27
0.69,735.0,294.0,220.5,3.5,4,0.1,4,11.047,16.83
0.76,661.5,416.5,122.5,7.0,2,0.1,4,33.205,33.88
0.64,612.5,416.5,147.0,7.0,4,0.4,2,37.108,35.86
0.86,588.0,294.0,147.0,7.0,2,0.0,4,24.776,28.13
0.71,710.5,269.5,220.5,3.5,5,0.1,1,14.5,13.49
0.69,735.0,294.0,220.5,3.5,5,0.25,3,12.085,15.95
0.76,661.5,416.5,122.5,7.0,3,0.1,2,33.207,33.75
0.74,686.0,245.0,220.5,3.5,4,0.1,5,14.11,17.01
0.82,612.5,318.5,147.0,7.0,3,0.1,3,29.592,28.61
0.79,637.0,343.0,147.0,7.0,3,0.4,4,41.41,44.37
0.82,612.5,318.5,147.0,7.0,3,0.4,5,23.342,25.31
0.98,514.5,294.0,110.25,7.0,5,0.25,2,28.58,30.48
0.86,588.0,294.0,147.0,7.0,4,0.4,1,32.084,31.92
0.86,588.0,294.0,147.0,7.0,5,0.0,0,31.824,27.14
0.98,514.5,294.0,110.25,7.0,4,0.25,5,28.053,32.83
0.62,808.5,367.5,220.5,3.5,5,0.1,2,14.989,13.54
0.74,686.0,245.0,220.5,3.5,4,0.1,3,14.185,13.63
0.69,735.0,294.0,220.5,3.5,5,0.1,2,14.447,13.96
0.62,808.5,367.5,220.5,3.5,2,0.1,3,12.987,17.16
0.79,637.0,343.0,147.0,7.0,2,0.4,5,41.4,44.56
0.66,759.5,318.5,220.5,3.5,4,0.25,4,15.27,16.31
0.82,661.5,416.5,122.5,7.0,5,0.4,5,41.18,39.73
0.79,637.0,343.0,147.0,7.0,2,0.25,5,36.955,34.29
0.79,637.0,343.0,147.0,7.0,5,0.1,4,42.5,42.39
0.82,612.5,318.5,147.0,7.0,4,0.4,5,23.23,28.37
0.86,588.0,294.0,147.0,7.0,4,0.4,4,24.66,32.03
0.71,784.0,269.5,220.5,3.5,4,0.25,2,12.292,14.89
0.82,661.5,416.5,122.5,7.0,3,0.4,4,34.831,39.5
0.66,759.5,318.5,220.5,3.5,4,0.4,5,12.673,14.76
0.98,514.5,294.0,110.25,7.0,2,0.4,4,24.328,32.92
0.79,612.5,318.5,147.0,7.0,3,0.4,3,37.931,35.81
0.69,735.0,294.0,220.5,3.5,2,0.1,5,14.823,14.95
0.98,514.5,294.0,110.25,7.0,2,0.4,5,28.571,33.21
0.9,661.5,416.5,122.5,7.0,2,0.25,2,32.349,29.42
0.79,588.0,343.0,147.0,7.0,4,0.1,4,37.577,40.57
0.66,759.5,318.5,220.5,3.5,5,0.4,2,12.95,18.06
0.66,563.5,318.5,122.5,7.0,2,0.4,3,29.258,44.19
0.9,563.5,318.5,122.5,7.0,2,0.1,5,29.069,32.34
0.69,735.0,294.0,220.5,3.5,4,0.1,4,11.209,15.0
0.69,735.0,294.0,220.5,3.5,5,0.1,5,11.164,14.34
0.86,588.0,294.0,147.0,7.0,2,0.25,3,32.818,28.99
0.71,710.5,269.5,220.5,3.5,4,0.25,2,10.752,14.88
0.9,563.5,318.5,122.5,7.0,3,0.1,2,31.749,30.1
0.79,637.0,343.0,147.0,7.0,5,0.1,4,39.928,33.87
0.66,759.5,318.5,220.5,3.5,4,0.25,3,13.103,16.18
0.86,588.0,294.0,147.0,7.0,2,0.25,2,26.418,30.47
0.64,784.0,343.0,220.5,3.5,5,0.25,3,15.184,19.23
0.66,759.5,318.5,220.5,3.5,5,0.1,3,14.727,13.41
0.66,759.5,318.5,220.5,3.5,2,0.25,5,13.242,14.83
0.82,612.5,318.5,147.0,7.0,5,0.1,5,22.947,27.95
0.82,661.5,416.5,122.5,7.0,4,0.4,5,39.027,37.3
0.69,735.0,294.0,220.5,3.5,5,0.25,2,11.631,14.74
0.74,686.0,318.5,220.5,3.5,5,0.25,4,10.476,13.4
0.64,784.0,343.0,220.5,3.5,2,0.1,4,14.629,20.05
0.69,735.0,294.0,220.5,3.5,5,0.25,2,11.611,16.95
0.82,612.5,318.5,147.0,7.0,3,0.4,5,25.15,28.68
0.82,661.5,416.5,122.5,7.0,3,0.25,1,40.121,33.78
0.71,710.5,269.5,220.5,3.5,5,0.0,0,6.559,12.17
0.82,637.0,343.0,147.0,7.0,5,0.25,1,38.201,45.97
0.9,563.5,318.5,122.5,7.0,4,0.4,5,33.587,33.85
0.64,784.0,343.0,220.5,3.5,2,0.4,1,19.041,20.14
0.76,661.5,416.5,122.5,7.0,5,0.1,2,33.12,33.9
0.9,759.5,343.0,220.5,3.5,3,0.1,4,15.223,17.11
0.66,759.5,318.5,220.5,3.5,2,0.1,4,7.183,12.62
0.62,808.5,367.5,220.5,3.5,2,0.25,2,12.954,14.46
0.79,759.5,343.0,220.5,3.5,2,0.1,3,15.195,15.82
0.98,514.5,294.0,110.25,7.0,2,0.1,4,32.623,14.69
0.64,784.0,343.0,122.5,3.5,5,0.25,1,13.707,19.67
0.98,514.5,294.0,110.25,7.0,3,0.1,3,24.535,26.1
0.71,710.5,269.5,220.5,3.5,5,0.25,4,12.343,15.7
0.79,637.0,343.0,147.0,7.0,5,0.4,2,41.049,36.66
0.86,588.0,294.0,147.0,7.0,4,0.25,0,29.609,27.31
0.98,514.5,294.0,110.25,7.0,3,0.25,2,28.299,30.14
0.66,759.5,318.5,220.5,3.5,5,0.1,5,14.783,16.93
0.66,759.5,318.5,220.5,3.5,5,0.4,4,12.905,17.95
0.69,735.0,294.0,220.5,3.5,4,0.4,1,12.865,16.69
0.69,735.0,294.0,220.5,3.5,4,0.1,1,12.836,14.71
0.66,759.5,318.5,220.5,3.5,5,0.4,1,14.973,17.04
0.79,637.0,343.0,147.0,7.0,3,0.1,4,38.552,45.16
0.66,759.5,318.5,220.5,3.5,2,0.1,1,11.319,15.83
0.69,735.0,294.0,220.5,3.5,3,0.4,2,12.045,15.2
0.86,588.0,294.0,147.0,7.0,2,0.4,2,26.388,26.82
0.69,735.0,294.0,220.5,3.5,5,0.4,4,12.131,16.01
0.74,686.0,245.0,220.5,3.5,5,0.25,2,14.52,16.92
0.98,514.5,294.0,110.25,7.0,4,0.1,3,24.583,26.43
0.9,563.5,318.5,122.5,7.0,2,0.4,3,24.639,33.85
0.86,588.0,294.0,147.0,7.0,5,0.25,4,29.58,26.75
0.76,661.5,416.5,122.5,7.0,2,0.1,5,37.007,34.82
0.71,710.5,269.5,220.5,3.5,4,0.4,5,14.49,17.12
0.86,588.0,294.0,147.0,7.0,2,0.1,1,26.157,21.36
0.82,612.5,318.5,147.0,7.0,5,0.4,2,25.828,24.79
0.86,735.0,294.0,220.5,3.5,4,0.1,3,14.357,13.66
0.79,637.0,343.0,147.0,7.0,4,0.25,3,40.017,44.8
0.98,514.5,294.0,110.25,7.0,3,0.25,2,28.314,29.65
0.64,784.0,343.0,220.5,3.5,3,0.1,5,15.218,19.86
0.69,735.0,294.0,220.5,3.5,5,0.1,1,11.191,16.8
0.79,637.0,343.0,147.0,7.0,2,0.25,2,37.004,36.81
0.76,661.5,416.5,122.5,7.0,3,0.25,2,32.413,34.18
0.64,784.0,343.0,220.5,3.5,5,0.25,1,13.166,21.69
0.79,637.0,343.0,147.0,7.0,4,0.25,1,38.334,44.17
0.76,661.5,416.5,122.5,7.0,4,0.1,4,29.716,36.09
0.98,514.5,294.0,110.25,7.0,3,0.4,3,24.608,29.62
0.86,588.0,294.0,147.0,7.0,2,0.4,5,26.251,45.77
0.98,514.5,294.0,110.25,7.0,2,0.25,1,28.036,29.45
0.66,759.5,318.5,220.5,3.5,2,0.25,3,11.545,16.08
0.62,808.5,367.5,220.5,3.5,3,0.4,4,13.099,14.24
0.98,514.5,294.0,110.25,7.0,3,0.25,4,28.748,29.35
0.62,808.5,367.5,220.5,3.5,5,0.1,5,12.912,15.02
0.64,784.0,343.0,220.5,3.5,2,0.25,4,16.69,21.77
0.69,735.0,294.0,220.5,3.5,4,0.25,4,12.643,17.64
0.62,808.5,367.5,220.5,3.5,4,0.1,5,12.779,14.49
0.69,735.0,294.0,220.5,3.5,5,0.25,2,11.929,15.21
0.64,784.0,343.0,220.5,3.5,2,0.25,1,18.844,19.36
0.69,735.0,294.0,220.5,3.5,3,0.4,5,11.147,14.75
0.86,735.0,294.0,147.0,7.0,3,0.4,5,32.392,26.63
0.76,661.5,416.5,122.5,7.0,2,0.1,5,39.611,39.62
0.79,637.0,343.0,147.0,7.0,3,0.1,5,39.047,39.24
0.9,563.5,318.5,122.5,7.0,5,0.1,4,28.93,36.38
0.71,710.5,269.5,220.5,3.5,3,0.4,5,14.665,15.69
0.64,784.0,343.0,220.5,3.5,2,0.0,0,15.281,12.71
0.9,563.5,318.5,122.5,7.0,2,0.1,3,22.8,28.31
0.86,588.0,294.0,147.0,7.0,3,0.1,3,31.764,36.15
0.98,514.5,294.0,110.25,7.0,5,0.1,4,28.284,29.61
0.79,637.0,343.0,147.0,7.0,3,0.1,4,40.201,45.77
0.71,735.0,294.0,220.5,3.5,2,0.1,5,14.475,16.83
0.82,612.5,318.5,147.0,7.0,4,0.25,2,22.942,29.33
0.66,759.5,318.5,220.5,3.5,3,0.25,3,14.966,14.74
0.64,784.0,343.0,220.5,3.5,2,0.4,2,16.706,20.64
0.66,759.5,318.5,220.5,3.5,4,0.4,5,12.757,17.8
0.69,735.0,294.0,220.5,3.5,5,0.25,1,16.675,14.6
0.9,735.0,294.0,122.5,7.0,4,0.25,4,23.765,35.34
0.82,612.5,318.5,147.0,7.0,4,0.1,1,24.19,31.32
0.71,710.5,269.5,220.5,3.5,4,0.4,2,12.29,16.67
0.86,588.0,294.0,147.0,7.0,2,0.4,1,37.507,36.25
0.71,710.5,269.5,220.5,3.5,2,0.4,5,14.411,14.27
0.66,759.5,318.5,220.5,3.5,2,0.4,2,11.449,14.85
0.82,612.5,318.5,147.0,7.0,3,0.25,2,31.543,33.74
0.98,514.5,294.0,110.25,7.0,3,0.1,2,24.301,26.04
0.71,710.5,269.5,220.5,3.5,4,0.25,4,10.76,15.62
0.98,514.5,294.0,110.25,7.0,4,0.1,4,28.287,29.86
0.64,784.0,343.0,220.5,3.5,4,0.25,2,16.718,19.26
0.76,661.5,416.5,122.5,7.0,2,0.1,3,37.03,34.96
0.76,661.5,416.5,122.5,7.0,5,0.4,5,40.686,40.04
0.66,759.5,318.5,220.5,3.5,4,0.25,3,11.393,16.17
0.66,759.5,318.5,220.5,3.5,2,0.4,4,11.339,18.01
0.71,710.5,269.5,220.5,3.5,3,0.0,0,6.616,11.88
0.79,637.0,343.0,147.0,7.0,2,0.4,2,39.86,44.53
0.76,612.5,416.5,122.5,7.0,2,0.4,5,26.356,41.04
0.86,588.0,294.0,147.0,7.0,5,0.25,5,26.888,31.68
0.69,735.0,294.0,220.5,3.5,3,0.1,4,14.308,14.31
0.74,686.0,245.0,220.5,3.5,5,0.4,4,14.539,14.63
0.71,710.5,269.5,220.5,3.5,4,0.25,3,14.633,14.84
0.79,637.0,343.0,147.0,7.0,3,0.4,4,41.896,36.39
0.86,588.0,294.0,147.0,7.0,3,0.4,4,32.067,36.16
0.9,563.5,318.5,122.5,7.0,3,0.1,4,37.381,25.03
0.66,759.5,318.5,220.5,3.5,3,0.1,2,11.579,13.82
0.64,784.0,343.0,220.5,3.5,3,0.1,1,15.495,21.89
0.98,514.5,294.0,110.25,7.0,3,0.1,2,33.079,32.77
0.74,686.0,245.0,220.5,3.5,2,0.25,4,14.542,16.59
0.62,588.0,245.0,220.5,3.5,4,0.4,3,14.51,13.95
0.79,637.0,343.0,147.0,7.0,3,0.1,5,39.853,37.27
0.74,686.0,245.0,220.5,3.5,2,0.0,0,6.385,11.69
0.86,588.0,294.0,147.0,7.0,2,0.1,4,28.413,30.98
0.71,710.5,269.5,220.5,3.5,2,0.1,2,14.416,11.89
0.76,661.5,416.5,122.5,7.0,3,0.25,4,40.53,40.17
0.74,686.0,245.0,220.5,3.5,3,0.4,1,14.521,16.94
0.66,759.5,318.5,220.5,3.5,5,0.25,2,15.236,14.87
0.98,514.5,294.0,110.25,7.0,2,0.4,3,28.642,30.32
0.71,710.5,269.5,220.5,3.5,4,0.25,2,14.676,17.43
0.62,735.0,294.0,220.5,3.5,5,0.25,5,16.731,15.03
0.79,637.0,343.0,147.0,7.0,4,0.1,5,37.1,38.91
0.98,514.5,294.0,110.25,7.0,5,0.4,3,28.677,26.18
0.71,710.5,269.5,220.5,3.5,4,0.25,1,10.527,13.7
0.86,588.0,294.0,147.0,7.0,3,0.1,1,26.458,26.93
0.79,588.0,343.0,147.0,7.0,4,0.25,1,37.07,41.78
0.74,514.5,294.0,110.25,3.5,3,0.1,1,10.934,14.34
0.66,759.5,318.5,220.5,3.5,2,0.25,2,11.371,14.87
0.82,612.5,318.5,147.0,7.0,3,0.1,5,30.351,31.59
0.98,514.5,294.0,110.25,7.0,5,0.1,1,28.682,25.93
0.71,710.5,269.5,220.5,3.5,5,0.4,4,18.039,17.06
0.82,612.5,318.5,147.0,7.0,2,0.1,3,23.813,28.49
0.79,637.0,343.0,147.0,7.0,3,0.25,5,41.143,45.22
0.82,612.5,318.5,147.0,7.0,5,0.1,2,25.028,25.01
0.69,735.0,294.0,220.5,3.5,3,0.1,5,14.291,17.6
0.79,637.0,343.0,147.0,7.0,5,0.1,4,41.46,25.11
0.82,612.5,318.5,147.0,7.0,4,0.1,2,23.812,28.35
0.76,661.5,416.5,122.5,7.0,3,0.1,4,33.237,39.99
0.98,514.5,294.0,110.25,7.0,3,0.25,3,32.211,25.98
0.69,735.0,294.0,220.5,3.5,5,0.1,2,14.672,15.61
0.66,759.5,318.5,220.5,3.5,5,0.1,0,15.292,12.28
0.66,759.5,318.5,220.5,3.5,3,0.4,4,15.167,18.46
0.86,588.0,294.0,147.0,7.0,5,0.4,2,26.31,31.25
0.82,612.5,318.5,147.0,7.0,4,0.1,2,32.395,34.61
0.74,686.0,245.0,220.5,3.5,4,0.25,1,11.675,16.18
0.9,612.5,318.5,122.5,7.0,3,0.0,0,36.486,31.9
0.69,735.0,294.0,220.5,3.5,3,0.1,2,11.116,17.08
0.71,710.5,269.5,220.5,3.5,5,0.4,3,14.011,16.72
0.79,637.0,343.0,147.0,7.0,3,0.1,3,38.332,44.38
0.79,637.0,343.0,147.0,7.0,4,0.4,5,35.897,42.6
0.66,759.5,318.5,220.5,3.5,3,0.1,2,14.821,18.47
0.98,514.5,294.0,110.25,7.0,2,0.1,5,24.546,26.38
0.82,612.5,318.5,147.0,7.0,4,0.25,2,22.63,28.7
0.64,784.0,343.0,220.5,3.5,2,0.4,1,15.189,19.24
0.62,808.5,367.5,220.5,3.5,2,0.1,4,17.224,16.91
0.79,637.0,343.0,147.0,7.0,5,0.1,2,37.422,35.34
0.64,784.0,343.0,220.5,3.5,3,0.25,1,16.528,20.0
0.64,784.0,343.0,220.5,3.5,2,0.1,1,15.186,16.74
0.76,661.5,416.5,122.5,7.0,3,0.1,5,36.922,36.63
0.71,710.5,245.0,220.5,3.5,5,0.4,1,12.386,13.34
0.74,686.0,245.0,220.5,3.5,2,0.4,2,13.758,16.09
0.69,735.0,294.0,220.5,3.5,4,0.1,1,14.679,16.98
0.9,563.5,318.5,122.5,7.0,2,0.0,0,35.115,30.03
0.79,637.0,343.0,147.0,7.0,2,0.25,4,41.319,45.37
0.62,808.5,367.5,220.5,3.5,5,0.25,4,9.058,15.78
0.69,735.0,294.0,220.5,3.5,4,0.25,5,12.737,16.53
0.79,637.0,343.0,147.0,7.0,5,0.1,5,37.199,36.89
0.76,661.5,416.5,122.5,7.0,4,0.1,2,37.21,33.9
0.62,808.5,367.5,220.5,3.5,4,0.4,4,11.428,16.94
0.69,735.0,294.0,220.5,3.5,5,0.25,3,14.154,12.35
0.9,563.5,318.5,122.5,7.0,5,0.4,2,29.014,32.84
0.79,637.0,343.0,147.0,7.0,4,0.4,3,37.046,37.5
0.98,514.5,294.0,110.25,7.0,2,0.1,4,28.656,32.88
0.66,759.5,318.5,220.5,3.5,5,0.25,2,15.188,17.87
0.66,514.5,318.5,220.5,3.5,2,0.1,2,15.296,14.81
0.74,686.0,245.0,220.5,3.5,4,0.4,3,10.37,13.38
0.79,637.0,343.0,147.0,7.0,4,0.25,3,36.743,45.08
0.79,759.5,343.0,220.5,3.5,2,0.1,3,15.202,16.02
0.62,808.5,367.5,220.5,3.5,4,0.1,3,16.073,14.52
0.86,735.0,294.0,147.0,3.5,5,0.25,5,29.438,15.75
0.66,759.5,318.5,220.5,3.5,3,0.1,2,13.005,14.78
0.66,759.5,318.5,220.5,3.5,2,0.1,2,11.389,14.75
0.71,710.5,269.5,220.5,3.5,2,0.1,1,10.702,13.86
0.9,563.5,318.5,122.5,7.0,5,0.4,4,28.145,32.29
0.62,808.5,367.5,220.5,3.5,2,0.1,2,28.787,14.35
0.71,710.5,269.5,220.5,3.5,3,0.25,3,10.757,14.84
0.98,514.5,294.0,110.25,7.0,3,0.1,2,24.257,32.92
0.74,686.0,245.0,220.5,3.5,3,0.4,3,14.453,16.93
0.64,784.0,343.0,220.5,3.5,5,0.25,5,17.065,21.05
0.82,612.5,318.5,147.0,7.0,3,0.1,2,25.572,27.54
0.98,514.5,294.0,110.25,7.0,5,0.1,2,32.227,32.79
0.71,514.5,269.5,220.5,3.5,2,0.4,5,14.456,16.41
0.86,588.0,294.0,147.0,7.0,2,0.1,3,26.144,27.75
0.69,735.0,294.0,220.5,3.5,3,0.4,1,14.645,14.39
0.64,784.0,343.0,220.5,3.5,5,0.1,5,15.185,19.26
0.74,686.0,245.0,220.5,3.5,2,0.25,1,12.469,16.68
0.69,735.0,294.0,220.5,3.5,4,0.25,4,12.716,15.74
0.9,563.5,318.5,122.5,7.0,3,0.4,5,29.822,37.25
0.86,588.0,294.0,147.0,7.0,4,0.25,4,32.035,31.75
0.62,808.5,367.5,220.5,3.5,4,0.4,2,13.217,17.22
0.74,686.0,245.0,220.5,3.5,2,0.4,5,14.17,14.49
0.98,563.5,294.0,110.25,7.0,4,0.1,4,24.477,29.5
0.79,637.0,343.0,147.0,7.0,2,0.1,1,41.114,44.47
0.71,710.5,269.5,220.5,3.5,4,0.25,2,14.398,14.92
0.9,563.5,318.5,122.5,7.0,2,0.1,5,24.466,36.51
0.71,710.5,269.5,220.5,3.5,5,0.4,5,10.795,17.05
0.82,612.5,318.5,147.0,7.0,3,0.4,5,23.847,28.63
0.79,637.0,343.0,147.0,7.0,4,0.25,1,41.304,45.84
0.79,637.0,343.0,147.0,7.0,3,0.25,4,38.899,38.41
0.76,661.5,416.5,122.5,7.0,5,0.1,1,39.925,37.44
0.9,563.5,318.5,122.5,7.0,5,0.1,3,33.161,25.98
0.82,612.5,318.5,147.0,7.0,4,0.4,3,23.713,28.81
0.62,808.5,367.5,220.5,3.5,3,0.1,5,12.994,15.59
0.64,784.0,343.0,220.5,3.5,2,0.1,2,15.343,16.78
0.74,686.0,245.0,220.5,3.5,4,0.25,1,10.428,15.4
0.64,784.0,343.0,220.5,3.5,3,0.25,1,13.364,20.4
0.64,784.0,343.0,220.5,3.5,3,0.4,3,17.257,20.74
0.9,563.5,318.5,122.5,7.0,2,0.4,2,28.622,37.03
0.82,612.5,318.5,147.0,7.0,2,0.4,2,28.658,31.39
0.76,661.5,416.5,122.5,7.0,4,0.25,3,37.403,33.89
0.66,710.5,318.5,220.5,3.5,5,0.1,4,10.841,14.79
0.69,735.0,294.0,220.5,3.5,4,0.1,4,11.145,14.98
0.62,808.5,367.5,220.5,3.5,2,0.25,3,13.725,14.86
0.69,735.0,294.0,220.5,3.5,5,0.25,5,12.45,15.07
0.98,514.5,294.0,110.25,7.0,3,0.1,3,28.359,25.91
0.79,637.0,343.0,147.0,7.0,4,0.25,2,28.59,38.22
0.86,588.0,294.0,147.0,7.0,2,0.4,2,23.226,28.82
0.74,686.0,245.0,220.5,3.5,3,0.4,4,14.377,15.29
0.74,686.0,245.0,220.5,3.5,2,0.1,3,14.438,17.14
0.98,514.5,294.0,110.25,7.0,2,0.1,3,32.91,25.78
0.86,588.0,294.0,147.0,7.0,5,0.25,5,23.822,27.05
0.74,686.0,245.0,220.5,3.5,3,0.4,5,14.435,16.9
0.62,808.5,367.5,220.5,3.5,2,0.1,4,15.016,15.03
0.62,808.5,367.5,220.5,3.5,5,0.25,2,7.234,15.03
0.82,686.0,245.0,220.5,3.5,5,0.25,4,10.524,11.89
0.98,514.5,294.0,110.25,7.0,3,0.4,2,32.29,32.79
0.79,637.0,343.0,147.0,7.0,5,0.25,5,36.979,37.48
0.82,612.5,318.5,147.0,7.0,4,0.1,5,28.632,28.2
0.74,686.0,245.0,220.5,3.5,2,0.25,3,14.529,16.41
0.62,808.5,367.5,220.5,3.5,3,0.4,3,17.238,14.63
0.64,784.0,343.0,220.5,3.5,4,0.25,1,15.216,16.6
0.71,735.0,294.0,220.5,3.5,2,0.1,1,10.313,13.68
0.64,784.0,343.0,220.5,3.5,2,0.25,3,16.601,20.44
0.86,588.0,294.0,147.0,7.0,4,0.4,3,29.449,28.83
0.64,784.0,343.0,220.5,3.5,5,0.1,2,15.47,19.45
0.86,588.0,294.0,147.0,7.0,5,0.4,3,31.737,30.66
0.9,563.5,318.5,122.5,7.0,3,0.0,0,6.559,33.91
0.62,808.5,367.5,220.5,3.5,3,0.1,3,13.948,13.61
0.98,514.5,294.0,110.25,7.0,2,0.25,4,24.316,30.57
0.66,759.5,318.5,220.5,3.5,5,0.25,3,12.828,13.76
0.66,759.5,318.5,220.5,3.5,5,0.1,4,15.297,17.75
0.9,563.5,318.5,122.5,7.0,5,0.1,5,29.747,32.46
0.66,759.5,318.5,220.5,3.5,3,0.1,4,14.786,17.77
0.74,686.0,245.0,220.5,3.5,2,0.4,4,12.492,13.63
0.82,661.5,416.5,122.5,7.0,3,0.4,5,32.311,33.65
0.66,759.5,318.5,220.5,3.5,2,0.25,5,11.365,17.89
0.79,759.5,343.0,147.0,3.5,5,0.4,4,11.23,18.51
0.62,808.5,367.5,220.5,3.5,3,0.25,1,12.984,14.37
0.86,588.0,294.0,147.0,7.0,5,0.1,2,32.264,32.24
0.74,686.0,245.0,220.5,3.5,3,0.25,4,14.461,17.01
0.86,588.0,294.0,147.0,7.0,5,0.1,5,27.141,31.0
0.76,661.5,416.5,122.5,7.0,5,0.4,1,39.42,40.79
0.66,759.5,318.5,220.5,3.5,5,0.4,2,11.445,14.75
0.79,637.0,343.0,147.0,7.0,3,0.1,2,34.473,41.01
0.66,759.5,318.5,220.5,3.5,3,0.1,4,13.015,15.96
0.76,661.5,416.5,122.5,7.0,2,0.25,5,38.379,37.31
0.66,759.5,318.5,220.5,3.5,3,0.25,3,11.606,16.13
0.79,588.0,343.0,147.0,7.0,2,0.4,5,36.771,36.32
0.76,661.5,416.5,122.5,7.0,2,0.25,1,36.07,37.33
0.76,661.5,416.5,122.5,7.0,5,0.1,2,39.238,33.98
0.71,710.5,367.5,220.5,3.5,4,0.25,1,12.42,15.9
0.76,661.5,416.5,122.5,7.0,3,0.25,2,39.868,39.66
0.71,710.5,269.5,220.5,3.5,2,0.4,1,17.015,14.73
0.69,735.0,294.0,220.5,3.5,4,0.4,3,10.652,14.03
0.9,563.5,318.5,122.5,7.0,2,0.1,1,28.2,29.44
0.69,735.0,294.0,220.5,3.5,3,0.25,4,12.471,34.05
0.82,612.5,318.5,147.0,7.0,5,0.4,3,23.418,27.42
0.69,735.0,294.0,220.5,3.5,2,0.25,4,14.714,14.28
0.79,637.0,343.0,147.0,7.0,4,0.1,1,39.52,42.78
0.76,661.5,416.5,122.5,7.0,2,0.1,3,39.186,39.56
0.76,661.5,416.5,122.5,7.0,4,0.1,2,32.452,33.72
0.71,710.5,269.5,220.5,3.5,2,0.4,1,14.504,16.81
0.79,637.0,343.0,147.0,7.0,5,0.25,3,36.714,45.96
0.66,759.5,318.5,220.5,3.5,3,0.4,3,12.971,14.8
0.71,710.5,269.5,220.5,3.5,2,0.4,2,12.372,17.08
0.86,588.0,294.0,147.0,7.0,2,0.25,4,26.964,32.22
0.98,514.5,294.0,110.25,7.0,4,0.1,1,24.332,26.06
0.86,588.0,294.0,147.0,7.0,5,0.1,3,31.923,24.63
0.74,686.0,245.0,220.5,3.5,5,0.4,5,14.068,14.64
0.76,661.5,416.5,122.5,7.0,3,0.1,1,40.498,40.09
0.76,661.5,416.5,122.5,7.0,4,0.4,3,40.802,33.86
0.79,637.0,343.0,147.0,7.0,2,0.1,3,42.169,36.12
0.66,637.0,318.5,147.0,7.0,2,0.25,5,28.795,16.18
0.98,514.5,294.0,110.25,7.0,2,0.4,4,32.984,30.03
0.74,686.0,245.0,220.5,3.5,4,0.4,2,14.116,13.65
0.62,808.5,367.5,220.5,3.5,5,0.25,5,32.71,14.94
0.86,588.0,294.0,147.0,7.0,5,0.4,4,31.811,31.33
0.82,612.5,318.5,147.0,7.0,5,0.4,2,27.704,25.19
0.71,710.5,269.5,220.5,3.5,4,0.4,3,12.258,14.92
0.82,612.5,318.5,147.0,7.0,2,0.1,2,24.226,35.39
0.71,710.5,269.5,220.5,3.5,5,0.4,4,12.372,14.79
0.66,759.5,318.5,220.5,3.5,3,0.4,2,12.952,13.81
0.62,808.5,367.5,220.5,3.5,4,0.1,4,11.086,15.38
0.74,563.5,269.5,220.5,3.5,2,0.1,2,14.599,13.75
0.64,784.0,343.0,220.5,3.5,2,0.25,1,16.783,23.2
0.82,612.5,318.5,147.0,7.0,4,0.4,2,28.657,29.2
0.79,637.0,343.0,147.0,7.0,2,0.4,2,41.663,36.89
0.66,759.5,318.5,220.5,3.5,4,0.1,5,15.333,18.12
0.98,735.0,294.0,110.25,7.0,4,0.4,4,28.248,30.19
0.86,588.0,294.0,147.0,7.0,4,0.4,2,29.532,28.65
0.62,808.5,367.5,220.5,3.5,3,0.4,2,12.727,14.27
0.98,514.5,294.0,110.25,7.0,2,0.25,1,28.761,33.35
0.79,637.0,343.0,147.0,7.0,2,0.1,4,36.92,35.03
0.86,588.0,294.0,147.0,7.0,4,0.1,3,26.365,28.76
0.66,759.5,318.5,220.5,3.5,2,0.25,2,13.076,16.13
0.71,710.5,269.5,220.5,3.5,5,0.4,2,14.706,17.48
0.66,759.5,318.5,220.5,3.5,5,0.1,5,14.987,15.96
0.98,514.5,294.0,110.25,7.0,4,0.4,2,28.612,33.21
0.76,661.5,416.5,122.5,7.0,5,0.1,1,25.252,33.86
0.76,661.5,416.5,122.5,7.0,4,0.4,2,36.003,35.99
0.9,563.5,318.5,122.5,7.0,3,0.4,2,29.754,33.94
0.64,784.0,343.0,220.5,3.5,5,0.1,5,15.352,18.59
0.98,514.5,294.0,110.25,7.0,2,0.1,5,28.109,32.97
0.82,612.5,318.5,147.0,7.0,3,0.1,4,25.694,26.33
0.71,710.5,269.5,220.5,3.5,3,0.4,3,12.392,17.53
0.64,784.0,343.0,220.5,3.5,5,0.1,2,12.286,19.23
0.71,710.5,245.0,220.5,3.5,4,0.4,3,12.345,14.28
0.74,686.0,245.0,220.5,3.5,2,0.4,3,10.413,13.53
0.74,686.0,245.0,220.5,3.5,5,0.4,5,14.454,17.35
0.71,710.5,269.5,220.5,3.5,3,0.4,2,10.693,14.89
0.86,588.0,294.0,147.0,7.0,5,0.25,1,25.02,32.77
0.79,637.0,343.0,147.0,7.0,2,0.25,2,29.722,41.19
0.79,637.0,343.0,147.0,7.0,2,0.1,5,41.167,37.2
0.86,588.0,294.0,147.0,7.0,3,0.4,3,29.307,34.29
0.86,588.0,294.0,147.0,7.0,5,0.4,1,29.872,31.53
0.66,759.5,318.5,220.5,3.5,5,0.4,5,15.234,14.83
0.66,759.5,318.5,220.5,3.5,3,0.1,4,11.64,13.77
0.71,710.5,269.5,220.5,3.5,4,0.4,2,10.712,17.6
0.64,784.0,343.0,220.5,3.5,5,0.1,2,19.344,19.46
0.79,637.0,343.0,147.0,7.0,2,0.1,3,42.378,38.71
0.98,514.5,294.0,110.25,7.0,2,0.1,1,32.818,25.9
0.66,759.5,318.5,220.5,3.5,5,0.4,3,11.543,14.85
0.69,735.0,294.0,220.5,3.5,5,0.25,4,14.539,15.19
0.71,710.5,269.5,220.5,3.5,4,0.25,2,14.68,18.66
0.74,759.5,245.0,220.5,3.5,3,0.25,3,13.946,16.95
0.82,612.5,318.5,147.0,7.0,2,0.25,5,30.086,34.48
0.79,637.0,343.0,147.0,7.0,2,0.25,3,42.412,38.82
0.64,784.0,343.0,220.5,3.5,4,0.0,0,15.169,16.79
0.71,710.5,269.5,220.5,3.5,4,0.4,3,10.766,17.06
0.66,759.5,318.5,220.5,3.5,3,0.4,2,11.392,14.68
0.66,759.5,318.5,220.5,3.5,3,0.4,2,15.307,15.95
0.82,612.5,318.5,147.0,7.0,3,0.25,3,23.767,29.11
0.62,808.5,367.5,220.5,3.5,2,0.1,4,12.899,16.69
0.74,686.0,245.0,220.5,3.5,4,0.1,2,10.408,13.37
0.86,588.0,294.0,147.0,7.0,5,0.1,2,31.787,28.08
0.74,686.0,245.0,220.5,3.5,2,0.4,4,12.649,14.41
0.71,710.5,269.5,220.5,3.5,3,0.4,1,10.519,14.84
0.82,612.5,318.5,147.0,7.0,5,0.4,3,25.782,28.62
0.82,612.5,318.5,147.0,7.0,2,0.1,2,30.621,27.65
0.74,686.0,245.0,220.5,3.5,3,0.4,4,10.42,13.76
0.66,759.5,343.0,220.5,3.5,2,0.1,5,11.52,14.85
0.71,710.5,269.5,220.5,3.5,3,0.4,2,10.698,14.1
0.98,514.5,294.0,110.25,7.0,2,0.4,5,28.729,30.1
0.82,612.5,294.0,147.0,7.0,4,0.25,1,23.451,28.65
0.79,637.0,343.0,147.0,7.0,4,0.25,3,39.909,34.15
0.69,735.0,294.0,220.5,3.5,2,0.1,4,11.214,15.41
0.76,612.5,416.5,122.5,7.0,2,0.4,3,35.776,30.05
0.86,588.0,294.0,147.0,7.0,2,0.0,0,32.789,33.87
0.76,661.5,416.5,122.5,7.0,3,0.4,3,33.21,40.21
0.64,784.0,343.0,220.5,3.5,4,0.1,5,15.218,19.34
0.66,759.5,318.5,220.5,3.5,2,0.4,4,14.731,18.14
0.71,710.5,269.5,220.5,3.5,2,0.25,4,12.353,17.59
0.82,612.5,318.5,147.0,7.0,5,0.25,5,32.383,27.91
0.64,784.0,343.0,220.5,3.5,2,0.4,4,17.149,20.24
0.74,686.0,245.0,220.5,3.5,5,0.4,5,11.137,16.96
0.69,735.0,294.0,220.5,3.5,5,0.25,2,12.863,17.0
0.82,612.5,318.5,147.0,7.0,5,0.4,2,41.316,27.42
0.71,710.5,269.5,220.5,3.5,4,0.4,5,14.444,15.2
0.71,710.5,269.5,220.5,3.5,2,0.0,0,6.421,12.3
0.76,661.5,416.5,122.5,7.0,3,0.4,5,37.18,40.14
0.62,808.5,367.5,220.5,3.5,2,0.1,4,12.976,14.35
0.74,514.5,294.0,110.25,3.5,3,0.25,3,12.042,29.82
0.86,588.0,294.0,147.0,7.0,3,0.4,5,26.418,27.21
0.62,808.5,367.5,220.5,3.5,5,0.4,4,12.731,17.08
0.76,661.5,416.5,122.5,7.0,2,0.25,3,39.2,34.28
0.9,563.5,318.5,122.5,7.0,3,0.4,1,33.182,35.85
0.69,735.0,294.0,220.5,3.5,5,0.1,4,10.868,14.57
0.74,686.0,245.0,220.5,3.5,4,0.4,1,14.345,13.57
0.64,784.0,343.0,220.5,3.5,2,0.1,4,18.088,20.2
0.76,661.5,416.5,122.5,7.0,4,0.1,3,39.794,40.59
0.82,612.5,318.5,147.0,7.0,2,0.4,2,32.37,29.95
0.64,784.0,343.0,220.5,3.5,2,0.1,1,15.213,19.28
0.9,563.5,318.5,122.5,7.0,2,0.4,2,33.245,33.74
0.69,735.0,294.0,220.5,3.5,2,0.4,4,11.212,16.78
0.9,563.5,318.5,122.5,7.0,3,0.4,1,29.639,29.42
0.79,612.5,318.5,147.0,7.0,2,0.4,5,25.813,34.81
0.62,808.5,367.5,220.5,3.5,5,0.1,1,14.009,17.16
0.79,637.0,343.0,147.0,7.0,2,0.1,2,37.597,42.62
0.76,661.5,416.5,122.5,7.0,4,0.1,2,32.386,34.31
0.69,735.0,294.0,220.5,3.5,3,0.1,3,12.462,16.91
0.76,588.0,294.0,147.0,7.0,5,0.4,2,30.439,28.06
0.71,710.5,269.5,220.5,3.5,2,0.0,0,10.69,16.41
0.66,759.5,318.5,220.5,3.5,5,0.4,4,11.428,18.19
0.66,759.5,318.5,220.5,3.5,3,0.4,4,15.235,17.71
0.69,735.0,294.0,220.5,3.5,2,0.25,1,11.139,14.63
0.69,735.0,294.0,220.5,3.5,2,0.1,3,16.289,14.38
0.74,686.0,245.0,220.5,3.5,4,0.4,5,32.711,13.84
0.79,637.0,343.0,147.0,7.0,2,0.1,5,37.231,41.43
0.76,661.5,416.5,220.5,7.0,2,0.1,4,33.216,37.3
0.62,808.5,367.5,220.5,3.5,4,0.4,2,12.988,14.83
0.98,514.5,294.0,110.25,7.0,4,0.4,2,14.313,33.74
0.74,686.0,245.0,220.5,3.5,4,0.25,4,10.378,17.49
0.98,514.5,294.0,110.25,7.0,2,0.4,1,24.578,29.5
0.74,686.0,245.0,220.5,3.5,5,0.4,5,14.161,14.58
0.74,686.0,245.0,220.5,3.5,4,0.1,5,14.518,16.94
0.82,612.5,318.5,147.0,7.0,2,0.4,4,25.893,26.65
0.62,808.5,367.5,220.5,3.5,4,0.25,3,13.007,14.51
0.69,735.0,294.0,220.5,3.5,4,0.25,2,14.456,15.72
0.98,514.5,294.0,110.25,7.0,4,0.4,5,28.611,26.39
0.66,686.0,245.0,220.5,3.5,5,0.25,5,11.64,15.32
0.86,588.0,294.0,147.0,7.0,4,0.1,5,29.333,27.41
0.66,759.5,318.5,220.5,3.5,2,0.25,1,7.222,17.63
0.9,563.5,318.5,122.5,7.0,3,0.1,5,31.893,31.82
0.69,735.0,294.0,220.5,3.5,5,0.1,4,14.58,14.27
0.71,710.5,269.5,220.5,3.5,2,0.4,5,10.43,14.72
0.71,735.0,294.0,220.5,3.5,4,0.25,5,13.503,14.92
0.86,588.0,294.0,147.0,7.0,4,0.4,3,26.376,45.9
0.98,514.5,294.0,110.25,7.0,4,0.25,2,24.455,40.94
0.82,612.5,318.5,147.0,7.0,5,0.4,1,23.561,28.55
0.74,686.0,245.0,220.5,3.5,4,0.1,3,10.407,13.4
0.98,514.5,294.0,110.25,7.0,5,0.4,3,24.458,34.14
0.79,637.0,343.0,147.0,7.0,2,0.1,2,35.006,41.68
0.79,637.0,343.0,147.0,7.0,3,0.1,4,36.816,39.46
0.69,735.0,294.0,220.5,3.5,5,0.1,3,14.139,14.51
0.74,686.0,245.0,220.5,3.5,2,0.4,2,14.468,16.56
0.74,686.0,245.0,220.5,3.5,5,0.4,1,12.219,13.44
0.64,784.0,343.0,220.5,3.5,3,0.1,3,15.227,19.26
0.86,588.0,294.0,147.0,7.0,3,0.1,3,31.671,31.19
0.82,612.5,318.5,147.0,7.0,2,0.25,3,29.783,27.37
0.64,784.0,343.0,220.5,3.5,3,0.1,1,18.42,20.94
0.86,588.0,294.0,147.0,7.0,2,0.1,3,26.093,34.1
0.76,661.5,416.5,122.5,7.0,2,0.1,2,39.979,37.5
0.86,588.0,294.0,147.0,7.0,4,0.1,2,24.026,27.82
0.82,612.5,318.5,147.0,7.0,4,0.4,3,23.883,28.38
0.64,784.0,343.0,220.5,3.5,5,0.1,1,15.212,19.75
0.76,661.5,416.5,122.5,7.0,4,0.1,3,33.081,37.85
0.82,612.5,318.5,147.0,7.0,2,0.4,2,25.76,29.24
0.86,588.0,294.0,147.0,7.0,2,0.4,3,26.05,32.09
0.62,808.5,367.5,220.5,3.5,5,0.0,0,14.651,13.09
0.66,759.5,318.5,220.5,3.5,5,0.25,4,13.005,18.3
0.9,563.5,318.5,122.5,7.0,2,0.25,2,23.343,29.43
0.98,514.5,294.0,110.25,7.0,5,0.25,2,28.639,25.93
0.82,612.5,318.5,147.0,7.0,4,0.25,2,25.377,27.84
0.9,563.5,318.5,122.5,7.0,5,0.25,2,34.044,37.24
0.64,784.0,343.0,220.5,3.5,3,0.25,4,13.35,19.66
0.82,661.5,416.5,122.5,7.0,4,0.4,4,33.087,36.84
0.71,710.5,269.5,220.5,3.5,4,0.1,1,12.281,17.2
0.9,563.5,318.5,122.5,7.0,2,0.1,4,32.256,33.67
0.71,710.5,269.5,220.5,3.5,5,0.4,2,12.446,16.15
0.62,808.5,367.5,220.5,3.5,4,0.4,4,14.468,17.26
0.62,808.5,367.5,220.5,3.5,4,0.1,3,10.913,14.56
0.76,661.5,416.5,122.5,7.0,4,0.1,2,38.019,40.9
0.79,637.0,343.0,147.0,7.0,2,0.1,5,36.951,39.32
0.74,514.5,245.0,220.5,3.5,4,0.25,4,10.176,13.88
0.9,563.5,318.5,122.5,7.0,5,0.4,5,20.08,34.12
0.98,514.5,294.0,110.25,7.0,4,0.25,4,24.261,26.13
0.62,735.0,294.0,220.5,3.5,5,0.25,3,12.032,15.2
0.76,661.5,416.5,122.5,7.0,4,0.4,1,37.177,39.14
0.82,612.5,318.5,147.0,7.0,5,0.1,5,24.014,26.74
0.76,661.5,416.5,122.5,7.0,4,0.1,3,33.148,33.89
0.64,784.0,343.0,220.5,3.5,4,0.25,1,17.016,20.46
0.62,808.5,367.5,220.5,3.5,2,0.1,4,12.938,14.4
0.79,637.0,343.0,147.0,7.0,4,0.1,3,41.247,42.23
0.86,588.0,294.0,147.0,7.0,2,0.25,5,29.525,30.24
0.69,735.0,294.0,220.5,3.5,4,0.1,1,12.74,16.86
0.64,784.0,343.0,220.5,3.5,5,0.1,3,15.195,16.83
0.74,686.0,245.0,220.5,3.5,4,0.25,5,12.107,14.86
0.79,637.0,343.0,147.0,7.0,3,0.25,4,37.021,36.87
0.82,612.5,318.5,147.0,7.0,3,0.0,0,28.927,25.5
0.74,686.0,245.0,220.5,3.5,2,0.4,5,14.27,17.06
0.66,710.5,318.5,220.5,3.5,2,0.4,3,14.968,16.06
0.62,808.5,367.5,220.5,3.5,2,0.1,3,12.712,14.38
0.69,735.0,294.0,220.5,3.5,2,0.1,3,14.672,16.41
0.69,735.0,294.0,220.5,3.5,3,0.25,5,12.674,15.82
0.98,514.5,294.0,110.25,7.0,2,0.1,3,24.427,32.91
0.66,759.5,318.5,220.5,3.5,5,0.25,2,11.413,16.19
0.62,808.5,367.5,220.5,3.5,4,0.4,1,16.68,17.0
0.71,710.5,269.5,220.5,3.5,2,0.1,3,12.297,17.54
0.82,612.5,318.5,147.0,7.0,5,0.1,1,23.642,27.74
0.62,808.5,367.5,220.5,3.5,3,0.25,5,11.26,15.05
0.79,637.0,343.0,147.0,7.0,5,0.1,4,35.907,45.95
0.66,759.5,318.5,220.5,3.5,2,0.1,1,11.418,14.84
0.66,759.5,318.5,220.5,3.5,3,0.4,2,13.975,18.02
0.64,784.0,343.0,220.5,3.5,2,0.1,1,19.195,20.52
0.79,637.0,343.0,147.0,7.0,4,0.1,2,37.192,45.31
0.98,563.5,294.0,110.25,7.0,5,0.1,5,24.118,33.54
0.82,637.0,318.5,147.0,7.0,4,0.1,5,24.572,28.47
0.74,514.5,294.0,220.5,3.5,3,0.4,4,14.424,17.38
0.69,735.0,294.0,220.5,3.5,4,0.1,3,14.352,14.53
0.66,759.5,318.5,220.5,3.5,3,0.1,3,11.481,15.8
0.82,612.5,318.5,147.0,7.0,4,0.25,3,25.83,28.49
0.76,661.5,416.5,122.5,7.0,3,0.25,3,35.647,41.04
0.69,735.0,294.0,220.5,3.5,4,0.1,1,12.493,14.43
0.71,710.5,269.5,220.5,3.5,2,0.1,2,10.465,13.66
0.62,808.5,367.5,220.5,3.5,5,0.4,5,13.008,17.44
0.74,686.0,245.0,220.5,3.5,3,0.4,5,10.389,16.97
0.86,588.0,294.0,147.0,7.0,2,0.4,1,26.092,31.64
0.62,808.5,367.5,220.5,3.5,2,0.25,2,14.696,16.09
0.69,735.0,294.0,220.5,3.5,4,0.0,0,14.671,11.68
0.66,759.5,318.5,220.5,3.5,2,0.1,2,11.487,17.71
0.76,588.0,416.5,122.5,7.0,3,0.25,4,28.498,36.02
0.86,514.5,294.0,110.25,7.0,4,0.1,4,24.46,29.75
0.66,759.5,318.5,220.5,3.5,2,0.25,5,12.834,14.76
0.79,637.0,343.0,147.0,7.0,2,0.25,4,40.009,41.56
0.79,637.0,343.0,147.0,7.0,2,0.25,1,38.117,44.26
0.98,784.0,294.0,110.25,3.5,5,0.1,2,14.502,13.6
0.69,735.0,294.0,220.5,3.5,4,0.1,2,14.711,16.97
0.82,612.5,318.5,147.0,7.0,5,0.4,4,27.475,27.45
0.82,612.5,318.5,147.0,7.0,5,0.4,5,29.51,28.13
0.74,514.5,294.0,220.5,3.5,2,0.25,5,14.65,13.92
0.86,588.0,294.0,147.0,7.0,3,0.4,1,31.895,35.3
0.82,612.5,318.5,147.0,7.0,4,0.25,1,22.787,28.7
0.66,759.5,318.5,220.5,3.5,3,0.4,4,15.215,14.7
0.76,661.5,416.5,122.5,7.0,4,0.1,3,32.777,34.67
0.86,588.0,294.0,147.0,7.0,4,0.25,5,31.871,31.71
0.86,588.0,294.0,147.0,7.0,3,0.25,2,26.503,29.9
0.64,784.0,343.0,220.5,3.5,5,0.1,2,15.174,19.33
0.82,612.5,318.5,147.0,7.0,2,0.4,4,41.061,28.73
0.79,637.0,343.0,147.0,7.0,4,0.4,3,36.779,39.35
0.66,759.5,318.5,220.5,3.5,4,0.4,5,11.779,17.76
0.82,612.5,318.5,147.0,7.0,5,0.25,3,29.792,34.41
0.9,563.5,318.5,122.5,7.0,3,0.25,1,36.643,32.06
0.86,808.5,367.5,220.5,3.5,4,0.1,2,17.979,14.58
0.66,759.5,318.5,220.5,3.5,5,0.4,2,15.198,14.82
0.82,612.5,318.5,147.0,7.0,4,0.1,2,22.693,24.78
0.98,514.5,294.0,110.25,7.0,4,0.1,2,24.573,25.91
0.82,612.5,318.5,147.0,7.0,5,0.25,3,25.459,29.87
0.76,661.5,416.5,122.5,7.0,2,0.4,3,32.333,39.84
0.98,514.5,294.0,110.25,7.0,3,0.25,3,32.739,33.24
0.79,637.0,343.0,147.0,7.0,2,0.1,4,38.025,41.81
0.86,588.0,294.0,147.0,7.0,2,0.25,3,31.956,26.55
0.82,612.5,318.5,147.0,7.0,5,0.1,2,24.088,27.42
0.98,514.5,294.0,110.25,7.0,2,0.25,5,28.047,29.47
0.86,588.0,294.0,147.0,7.0,3,0.1,4,26.161,29.35
0.86,637.0,343.0,147.0,7.0,2,0.25,2,33.218,43.87
0.9,563.5,318.5,122.5,7.0,3,0.4,3,28.336,29.97
0.98,514.5,294.0,110.25,7.0,4,0.1,4,32.508,29.73
0.71,710.5,269.5,220.5,3.5,4,0.1,2,26.204,14.21
0.76,661.5,416.5,122.5,7.0,5,0.1,1,33.248,33.86
0.71,710.5,269.5,220.5,3.5,3,0.25,4,12.409,16.18
0.86,588.0,294.0,147.0,7.0,2,0.4,3,27.013,28.49
0.86,588.0,294.0,147.0,7.0,4,0.1,5,31.255,25.95
0.74,686.0,245.0,220.5,3.5,5,0.4,3,14.52,17.07
0.62,808.5,367.5,220.5,3.5,3,0.1,5,17.239,14.45
0.9,686.0,245.0,122.5,7.0,5,0.1,1,10.4,13.49
0.79,637.0,343.0,147.0,7.0,4,0.25,2,38.722,43.75
0.62,808.5,367.5,220.5,3.5,5,0.1,1,14.672,11.67
0.66,759.5,318.5,220.5,3.5,2,0.25,5,11.422,13.53
0.76,661.5,416.5,122.5,7.0,3,0.1,2,39.647,27.52
0.98,514.5,294.0,110.25,7.0,3,0.1,4,28.655,25.8
0.82,612.5,318.5,147.0,7.0,4,0.1,3,29.116,29.9
0.71,710.5,269.5,220.5,3.5,2,0.4,2,10.814,14.18
0.76,661.5,416.5,122.5,7.0,5,0.1,3,33.214,34.11
0.62,808.5,367.5,220.5,3.5,4,0.0,0,12.99,16.53
0.74,686.0,245.0,220.5,3.5,2,0.1,3,14.434,13.58
0.74,686.0,245.0,220.5,3.5,5,0.4,2,10.162,15.41
0.71,710.5,269.5,220.5,3.5,5,0.4,2,11.18,15.03
0.82,612.5,318.5,147.0,7.0,2,0.1,4,23.6,25.49
0.66,759.5,318.5,220.5,3.5,2,0.1,3,11.4,14.8
0.76,661.5,416.5,122.5,7.0,5,0.25,3,35.697,41.08
0.86,588.0,294.0,147.0,7.0,2,0.25,1,32.373,27.12
0.98,514.5,294.0,110.25,7.0,2,0.25,1,32.736,34.08
0.64,784.0,343.0,220.5,3.5,5,0.25,2,15.207,19.28
0.74,686.0,245.0,220.5,3.5,3,0.25,2,12.656,17.08
0.64,784.0,343.0,220.5,3.5,3,0.4,2,16.53,19.59
0.66,759.5,318.5,220.5,3.5,2,0.25,3,11.617,15.09
0.76,661.5,416.5,122.5,7.0,4,0.1,4,33.189,31.42
0.64,784.0,343.0,220.5,3.5,4,0.25,4,15.37,20.78
0.98,514.5,294.0,110.25,7.0,3,0.1,4,32.887,33.23
0.86,588.0,294.0,147.0,7.0,2,0.4,5,26.447,26.88
0.64,784.0,343.0,220.5,3.5,2,0.1,4,18.314,20.04
0.66,759.5,318.5,220.5,3.5,2,0.25,2,13.025,16.03
0.69,735.0,294.0,220.5,3.5,2,0.1,2,14.154,15.36
0.64,784.0,343.0,220.5,3.5,5,0.4,1,17.056,19.96
0.64,784.0,343.0,220.5,3.5,4,0.4,4,15.433,20.24
0.86,637.0,343.0,147.0,7.0,5,0.4,4,42.428,36.27
0.71,710.5,269.5,220.5,3.5,4,0.4,4,12.26,14.09
0.9,563.5,318.5,122.5,7.0,3,0.4,5,32.116,31.88
0.71,710.5,269.5,220.5,3.5,4,0.4,4,10.813,17.45
0.9,563.5,318.5,122.5,7.0,3,0.1,1,36.462,36.55
0.74,686.0,245.0,220.5,3.5,5,0.25,4,14.524,17.26
0.76,661.5,416.5,122.5,7.0,3,0.4,3,40.663,35.26
0.74,686.0,245.0,220.5,3.5,5,0.1,2,10.195,11.91
0.62,808.5,367.5,220.5,3.5,3,0.1,5,12.881,16.88
0.82,612.5,318.5,147.0,7.0,3,0.4,5,25.532,32.81
0.69,735.0,294.0,220.5,3.5,3,0.1,2,14.686,14.15
0.86,514.5,294.0,147.0,7.0,4,0.1,3,28.14,35.01
0.79,637.0,343.0,147.0,7.0,4,0.1,3,42.225,42.2
0.66,759.5,318.5,220.5,3.5,2,0.25,5,8.421,18.18
0.82,784.0,318.5,220.5,3.5,4,0.25,4,10.763,14.93
0.9,563.5,318.5,122.5,7.0,4,0.25,3,28.276,30.62
0.98,563.5,294.0,110.25,7.0,3,0.1,2,32.501,29.7
0.74,686.0,245.0,220.5,3.5,5,0.4,1,14.109,16.94
0.98,514.5,294.0,110.25,7.0,2,0.4,4,28.722,29.96
0.66,759.5,318.5,220.5,3.5,5,0.4,4,9.893,18.03
0.71,710.5,269.5,220.5,3.5,4,0.4,3,10.753,13.73
0.74,514.5,294.0,110.25,3.5,2,0.1,3,32.258,14.68
0.69,735.0,294.0,220.5,3.5,2,0.4,2,11.188,16.95
0.66,759.5,318.5,220.5,3.5,5,0.4,3,14.923,15.39
0.76,661.5,416.5,122.5,7.0,3,0.4,3,38.679,37.28
0.74,686.0,245.0,220.5,3.5,4,0.25,1,12.349,15.19
0.82,514.5,294.0,110.25,3.5,4,0.1,4,32.853,29.55
0.79,637.0,343.0,147.0,7.0,4,0.4,1,35.831,39.32
0.76,661.5,416.5,122.5,7.0,3,0.1,3,33.1,35.13
0.82,612.5,318.5,147.0,7.0,3,0.1,5,23.753,27.58
0.79,637.0,343.0,147.0,7.0,3,0.1,4,11.285,44.91
0.74,686.0,245.0,220.5,3.5,5,0.1,4,14.205,17.33
0.98,514.5,294.0,110.25,7.0,4,0.1,4,24.402,26.0
0.79,637.0,343.0,147.0,7.0,5,0.4,2,38.492,42.85
0.62,808.5,367.5,220.5,3.5,3,0.4,1,13.119,16.96
0.9,563.5,318.5,122.5,7.0,2,0.4,4,23.345,35.15
0.82,612.5,318.5,147.0,7.0,3,0.25,4,26.051,26.75
0.66,759.5,318.5,220.5,3.5,4,0.1,3,14.996,14.78
0.86,588.0,294.0,147.0,7.0,5,0.1,3,31.82,28.92
0.74,686.0,245.0,220.5,3.5,2,0.25,1,12.136,16.76
0.9,514.5,294.0,110.25,7.0,4,0.1,2,32.289,29.56
0.71,710.5,269.5,220.5,3.5,4,0.4,4,14.665,17.18
0.86,588.0,294.0,147.0,7.0,5,0.4,5,29.625,28.49
0.66,759.5,318.5,220.5,3.5,5,0.25,2,11.71,15.88
0.98,514.5,294.0,110.25,7.0,2,0.1,3,24.122,26.09
0.69,735.0,294.0,220.5,3.5,4,0.25,4,12.712,15.42
0.74,686.0,245.0,220.5,3.5,5,0.4,3,13.418,16.59
0.9,563.5,318.5,122.5,7.0,2,0.25,4,24.06,32.89
0.86,588.0,294.0,147.0,7.0,3,0.4,2,36.964,26.77
0.74,686.0,245.0,220.5,3.5,2,0.4,5,10.404,17.33
0.66,759.5,318.5,220.5,3.5,5,0.4,1,12.829,17.71
0.86,588.0,294.0,147.0,7.0,2,0.0,0,17.387,21.49
0.74,686.0,245.0,220.5,3.5,2,0.4,5,14.117,13.63
0.62,808.5,367.5,220.5,3.5,4,0.25,2,12.845,13.91
0.74,686.0,245.0,220.5,3.5,5,0.25,5,14.103,16.43
0.74,686.0,245.0,220.5,3.5,5,0.1,3,14.005,14.42
0.86,514.5,294.0,110.25,7.0,2,0.25,5,28.576,29.79
0.71,710.5,269.5,220.5,3.5,3,0.4,2,13.988,14.98
0.62,808.5,367.5,220.5,3.5,4,0.4,4,16.822,16.99
0.66,759.5,318.5,220.5,3.5,2,0.4,3,15.042,13.36
0.69,735.0,294.0,220.5,3.5,2,0.4,1,11.18,14.36
0.66,759.5,318.5,220.5,3.5,4,0.25,3,12.947,15.08
0.82,612.5,318.5,147.0,7.0,5,0.4,2,29.577,29.44
0.82,612.5,318.5,147.0,7.0,5,0.1,5,23.849,26.84
0.98,514.5,294.0,110.25,7.0,5,0.1,5,24.217,30.51
0.76,661.5,416.5,122.5,7.0,3,0.25,5,36.319,31.64
0.66,759.5,318.5,220.5,3.5,5,0.1,3,11.608,14.88
0.79,637.0,343.0,147.0,7.0,4,0.4,5,39.874,42.14
0.71,710.5,269.5,220.5,3.5,5,0.1,3,10.693,17.39
0.66,759.5,318.5,220.5,3.5,2,0.1,2,15.325,14.76
0.79,637.0,343.0,147.0,7.0,3,0.0,0,42.418,39.08
0.71,710.5,269.5,220.5,3.5,3,0.0,0,6.622,13.74
0.74,686.0,245.0,220.5,3.5,2,0.25,4,14.481,17.0
0.98,514.5,294.0,110.25,7.0,4,0.4,3,32.258,30.45
0.98,514.5,294.0,110.25,7.0,4,0.1,2,28.278,30.12
0.74,686.0,245.0,220.5,3.5,2,0.25,3,14.08,15.12
0.66,759.5,318.5,220.5,3.5,4,0.25,4,12.986,15.85
0.64,784.0,343.0,220.5,3.5,5,0.4,1,15.207,19.31
0.66,759.5,318.5,220.5,3.5,4,0.1,2,11.388,17.78
0.66,759.5,318.5,220.5,3.5,2,0.25,3,15.076,17.73
0.66,759.5,318.5,220.5,3.5,2,0.1,2,11.644,14.76
0.98,514.5,294.0,110.25,7.0,5,0.25,2,29.789,30.02
0.82,612.5,318.5,147.0,7.0,3,0.1,4,23.194,27.66
0.79,637.0,343.0,147.0,7.0,4,0.1,1,41.299,42.6
0.71,710.5,269.5,220.5,3.5,3,0.4,1,10.736,14.22
0.71,710.5,269.5,220.5,3.5,2,0.1,1,12.292,17.89
0.82,612.5,318.5,147.0,7.0,2,0.25,1,24.396,27.07
0.66,759.5,318.5,220.5,3.5,3,0.1,5,15.199,16.08
0.74,514.5,294.0,110.25,3.5,2,0.1,1,28.228,21.36
0.86,588.0,294.0,147.0,7.0,2,0.1,3,28.849,33.78
0.71,710.5,269.5,220.5,3.5,4,0.4,3,12.272,13.69
0.74,686.0,245.0,220.5,3.5,5,0.4,3,14.44,13.52
0.64,784.0,343.0,220.5,3.5,4,0.25,3,18.363,19.26
0.86,514.5,294.0,110.25,7.0,4,0.25,2,32.71,30.14
0.74,686.0,245.0,220.5,3.5,3,0.1,1,10.412,16.08
0.76,661.5,416.5,122.5,7.0,2,0.25,2,39.17,35.97
0.76,661.5,416.5,122.5,7.0,5,0.1,3,36.532,26.99
0.74,686.0,245.0,220.5,3.5,5,0.25,3,14.505,16.98
0.69,735.0,294.0,220.5,3.5,4,0.25,5,14.602,14.71
0.71,710.5,269.5,220.5,3.5,2,0.4,1,16.619,17.03
0.98,514.5,294.0,110.25,7.0,2,0.4,4,28.282,29.85
0.82,612.5,318.5,147.0,7.0,3,0.1,3,23.725,29.01
0.82,612.5,318.5,147.0,7.0,5,0.25,2,29.496,28.96
0.76,661.5,416.5,122.5,7.0,2,0.4,4,38.312,37.35
0.76,661.5,416.5,122.5,7.0,5,0.4,3,33.146,37.43
0.62,808.5,367.5,220.5,3.5,4,0.4,1,13.357,14.52
0.82,612.5,318.5,147.0,7.0,2,0.4,1,22.668,31.31
0.66,759.5,318.5,220.5,3.5,2,0.25,3,15.348,14.87
0.64,784.0,343.0,220.5,3.5,4,0.4,2,15.213,22.48
0.74,686.0,245.0,220.5,3.5,3,0.25,5,12.633,14.89
0.69,735.0,294.0,220.5,3.5,5,0.1,4,11.302,16.92
0.76,661.5,416.5,122.5,7.0,3,0.25,2,36.627,37.56
0.98,514.5,294.0,110.25,7.0,3,0.4,4,28.199,29.42
0.74,686.0,245.0,220.5,3.5,4,0.1,3,10.864,16.97
0.79,637.0,343.0,147.0,7.0,4,0.1,4,38.786,42.25
0.76,661.5,416.5,122.5,7.0,2,0.25,4,32.317,33.83
0.79,637.0,343.0,147.0,7.0,4,0.4,5,36.039,38.97
0.86,784.0,343.0,220.5,3.5,5,0.1,5,15.199,18.92
0.9,563.5,318.5,122.5,7.0,5,0.4,3,29.044,29.77
0.98,514.5,294.0,110.25,7.0,2,0.1,1,28.701,29.65
0.74,686.0,245.0,220.5,3.5,3,0.25,1,12.466,11.75
0.76,661.5,416.5,122.5,7.0,3,0.4,4,38.191,40.63
0.86,588.0,294.0,147.0,7.0,5,0.0,0,22.109,31.89
0.82,612.5,318.5,147.0,7.0,3,0.1,5,22.799,28.59
0.9,563.5,318.5,122.5,7.0,3,0.1,5,32.365,35.07
0.86,637.0,343.0,147.0,7.0,3,0.1,2,37.02,35.23
0.69,735.0,294.0,220.5,3.5,5,0.1,2,11.194,14.52
0.82,612.5,318.5,147.0,7.0,3,0.4,1,25.721,28.34
0.86,588.0,294.0,147.0,7.0,5,0.4,5,31.883,26.95
0.76,661.5,416.5,122.5,7.0,5,0.1,3,32.955,34.11
0.62,808.5,367.5,220.5,3.5,2,0.1,3,14.381,14.56
0.79,637.0,343.0,147.0,7.0,2,0.1,4,39.949,35.55
0.76,735.0,416.5,122.5,7.0,5,0.1,1,33.274,35.82
0.76,661.5,416.5,122.5,7.0,5,0.4,2,36.565,37.51
0.79,637.0,343.0,147.0,7.0,5,0.1,4,28.553,39.15
0.64,784.0,343.0,220.5,3.5,3,0.1,3,15.216,22.34
0.71,710.5,269.5,220.5,3.5,2,0.0,0,6.385,16.71
0.86,588.0,294.0,147.0,7.0,4,0.1,4,29.356,28.53
0.71,710.5,269.5,220.5,3.5,3,0.0,0,14.662,16.84
0.82,612.5,318.5,147.0,7.0,5,0.4,5,32.383,29.23
0.82,612.5,318.5,147.0,7.0,3,0.4,2,25.676,27.52
0.62,808.5,367.5,220.5,3.5,4,0.1,4,14.627,16.99
0.86,588.0,294.0,147.0,7.0,5,0.0,0,34.339,32.94
0.98,514.5,294.0,110.25,7.0,3,0.1,1,28.634,25.94
0.71,710.5,269.5,220.5,3.5,2,0.1,2,14.036,17.35
0.71,710.5,269.5,220.5,3.5,2,0.4,4,10.507,14.05
0.98,514.5,294.0,110.25,7.0,5,0.25,2,24.466,30.03
0.86,735.0,294.0,122.5,3.5,2,0.1,4,14.713,13.55
0.74,686.0,245.0,220.5,3.5,2,0.4,3,14.489,16.94
0.69,735.0,294.0,220.5,3.5,5,0.25,4,14.252,15.32
0.66,759.5,318.5,220.5,3.5,5,0.25,5,12.758,14.82
0.79,637.0,343.0,147.0,7.0,3,0.4,5,42.009,44.14
0.64,784.0,343.0,220.5,3.5,2,0.1,2,15.161,19.31
0.98,686.0,245.0,220.5,3.5,5,0.1,1,14.436,13.47
0.64,784.0,343.0,220.5,3.5,2,0.4,1,15.169,20.55
0.86,514.5,294.0,147.0,7.0,4,0.4,4,32.234,33.97
0.71,710.5,269.5,220.5,3.5,2,0.1,3,13.513,17.18
0.71,710.5,269.5,220.5,3.5,5,0.4,2,10.683,17.42
0.71,710.5,269.5,220.5,3.5,5,0.25,3,10.738,14.18
0.74,686.0,245.0,220.5,3.5,2,0.25,4,14.453,17.27
0.9,735.0,318.5,122.5,7.0,4,0.1,4,33.069,29.44
0.76,661.5,416.5,122.5,7.0,4,0.1,1,33.213,39.68
0.9,563.5,318.5,122.5,7.0,2,0.25,4,32.436,33.78
0.71,710.5,269.5,220.5,3.5,5,0.1,5,10.8,17.56
0.82,661.5,416.5,122.5,7.0,5,0.4,3,33.192,37.36
0.98,514.5,294.0,110.25,7.0,3,0.4,3,28.658,29.7
0.76,661.5,416.5,122.5,7.0,3,0.1,5,33.106,34.3
0.82,661.5,416.5,122.5,7.0,3,0.1,3,33.475,34.02
0.86,588.0,294.0,147.0,7.0,4,0.1,2,26.34,26.49
0.69,735.0,294.0,220.5,3.5,4,0.4,1,14.29,14.75
0.79,759.5,343.0,220.5,3.5,5,0.25,5,12.937,15.1
0.86,588.0,294.0,147.0,7.0,5,0.4,5,29.438,34.09
0.76,661.5,416.5,122.5,7.0,2,0.4,3,36.457,37.56
0.62,808.5,367.5,220.5,3.5,2,0.1,3,15.215,13.62
0.86,588.0,294.0,147.0,7.0,5,0.25,5,26.26,30.15
0.69,735.0,294.0,220.5,3.5,3,0.1,3,14.63,15.24
0.98,514.5,294.0,110.25,7.0,5,0.1,3,32.542,33.7
0.64,784.0,343.0,220.5,3.5,2,0.4,3,15.186,16.66
0.74,686.0,245.0,220.5,3.5,2,0.4,2,14.402,13.78
0.71,710.5,269.5,220.5,3.5,2,0.1,4,14.515,16.84
0.76,661.5,416.5,122.5,7.0,2,0.1,1,37.182,39.65
0.71,710.5,269.5,220.5,3.5,4,0.0,0,6.557,11.8
0.86,588.0,294.0,147.0,7.0,5,0.25,4,26.022,31.72
0.62,808.5,367.5,220.5,3.5,2,0.25,3,14.612,16.55
0.66,759.5,318.5,220.5,3.5,3,0.0,0,9.309,12.43
0.62,808.5,367.5,220.5,3.5,4,0.0,0,11.224,17.18
0.74,686.0,245.0,220.5,3.5,5,0.4,2,10.363,11.87
0.71,710.5,269.5,220.5,3.5,4,0.4,1,14.048,11.84
0.79,637.0,343.0,147.0,7.0,3,0.1,3,41.509,41.99
0.71,710.5,269.5,220.5,3.5,4,0.25,3,10.455,13.78
0.66,759.5,318.5,220.5,3.5,5,0.25,3,13.006,16.14
0.82,612.5,318.5,147.0,7.0,4,0.4,1,29.124,27.48
0.64,784.0,343.0,220.5,3.5,5,0.1,5,15.536,19.26
0.64,784.0,343.0,220.5,3.5,3,0.4,5,18.738,16.77
0.71,710.5,269.5,220.5,3.5,3,0.1,3,10.693,14.1
0.64,784.0,343.0,220.5,3.5,5,0.25,5,40.128,15.28
0.69,735.0,294.0,220.5,3.5,2,0.1,1,11.208,14.36
0.76,661.5,416.5,122.5,7.0,4,0.1,4,33.225,37.58
0.71,735.0,294.0,220.5,3.5,3,0.4,4,14.672,17.49
0.86,588.0,294.0,147.0,7.0,2,0.1,4,26.228,31.2
0.76,661.5,416.5,122.5,7.0,5,0.4,5,40.195,37.29
0.66,759.5,318.5,220.5,3.5,5,0.4,4,15.199,18.28
0.9,563.5,318.5,122.5,7.0,5,0.25,2,40.045,33.78
0.82,759.5,318.5,220.5,3.5,5,0.25,5,37.007,13.81
0.86,588.0,294.0,147.0,7.0,2,0.4,3,23.454,26.74
0.9,563.5,318.5,122.5,7.0,5,0.25,3,32.689,37.17
0.76,661.5,416.5,122.5,7.0,5,0.1,4,40.564,39.86
0.79,637.0,343.0,147.0,7.0,4,0.1,3,39.772,44.32
0.79,637.0,343.0,147.0,7.0,4,0.1,3,37.829,43.28
0.64,784.0,343.0,220.5,3.5,2,0.4,5,18.408,19.97
0.98,514.5,294.0,110.25,7.0,5,0.25,5,28.579,30.31
0.79,637.0,343.0,147.0,7.0,5,0.1,5,41.554,45.64
0.79,637.0,343.0,147.0,7.0,2,0.0,0,42.179,45.42
0.79,637.0,343.0,147.0,7.0,2,0.1,2,28.665,39.3
0.71,710.5,269.5,220.5,3.5,3,0.4,2,10.772,17.08
0.82,612.5,318.5,147.0,7.0,2,0.1,4,23.311,28.86
0.98,514.5,294.0,110.25,7.0,2,0.25,1,14.153,32.91
0.9,563.5,318.5,122.5,7.0,2,0.4,5,32.732,31.75
0.66,759.5,318.5,220.5,3.5,5,0.4,1,11.385,14.84
0.69,735.0,294.0,220.5,3.5,4,0.1,2,14.639,16.41
0.79,637.0,343.0,147.0,7.0,2,0.1,1,38.761,43.49
0.62,808.5,367.5,220.5,3.5,5,0.1,2,11.458,14.36
0.9,686.0,318.5,122.5,7.0,2,0.4,3,28.348,33.7
0.86,588.0,294.0,147.0,7.0,5,0.1,5,31.824,28.87
0.74,686.0,245.0,220.5,3.5,5,0.1,2,13.995,14.75
0.9,563.5,318.5,122.5,7.0,3,0.25,1,32.339,32.91
0.98,514.5,294.0,110.25,7.0,4,0.1,1,24.401,25.91
0.64,784.0,343.0,220.5,3.5,2,0.1,4,19.429,24.41
0.79,637.0,343.0,147.0,7.0,4,0.4,1,35.947,41.9
0.79,637.0,343.0,147.0,7.0,3,0.1,3,37.087,44.33
0.98,514.5,294.0,110.25,7.0,4,0.0,0,28.112,33.54
0.76,661.5,416.5,122.5,7.0,4,0.1,5,39.368,45.59
0.66,759.5,318.5,220.5,3.5,5,0.1,5,11.441,17.37
0.9,563.5,318.5,122.5,7.0,4,0.4,4,28.761,26.01
0.79,637.0,343.0,147.0,7.0,3,0.1,3,42.085,41.34
0.62,808.5,367.5,220.5,3.5,3,0.1,4,7.356,14.2
0.69,735.0,294.0,220.5,3.5,2,0.1,3,14.692,16.94
0.82,612.5,318.5,147.0,7.0,3,0.4,5,24.908,26.81
0.66,759.5,269.5,220.5,3.5,4,0.25,5,12.762,18.17
0.76,661.5,416.5,122.5,7.0,3,0.25,5,36.499,31.52
0.76,661.5,416.5,122.5,7.0,4,0.25,5,35.636,43.88
0.82,612.5,318.5,147.0,7.0,2,0.1,3,23.982,24.94
0.79,637.0,343.0,147.0,7.0,3,0.4,3,36.747,43.23
0.71,710.5,269.5,220.5,3.5,4,0.25,5,12.296,14.53
0.74,686.0,245.0,220.5,3.5,3,0.1,5,14.4,13.71
0.64,784.0,343.0,220.5,3.5,4,0.25,3,13.124,16.71
0.66,759.5,318.5,220.5,3.5,5,0.1,0,15.308,12.7
0.66,759.5,318.5,220.5,3.5,2,0.25,3,15.343,16.08
0.98,514.5,294.0,110.25,7.0,2,0.1,4,24.074,35.55
0.71,710.5,269.5,220.5,3.5,2,0.4,3,10.634,13.81
0.74,686.0,245.0,220.5,3.5,3,0.1,2,14.398,13.7
0.79,637.0,343.0,147.0,7.0,4,0.1,4,37.22,44.58
0.74,686.0,245.0,220.5,3.5,5,0.25,5,14.253,15.04
0.62,808.5,367.5,220.5,3.5,2,0.4,5,12.731,15.4
0.69,735.0,294.0,220.5,3.5,4,0.4,5,11.182,16.08
0.82,612.5,318.5,147.0,7.0,5,0.4,1,25.087,36.41
0.62,808.5,367.5,220.5,3.5,2,0.1,3,14.367,17.12
0.86,588.0,294.0,147.0,7.0,2,0.4,4,26.329,36.58
0.86,588.0,294.0,147.0,7.0,2,0.25,3,29.289,31.33
0.9,563.5,318.5,122.5,7.0,4,0.25,1,27.189,34.12
0.9,563.5,318.5,122.5,7.0,2,0.25,4,22.878,35.57
0.74,686.0,245.0,220.5,3.5,2,0.4,2,12.352,14.63
0.71,710.5,269.5,220.5,3.5,2,0.4,5,10.77,14.9
0.76,735.0,294.0,220.5,3.5,5,0.25,3,12.985,16.57
0.82,612.5,318.5,147.0,7.0,4,0.25,2,28.59,33.92
0.82,563.5,318.5,122.5,7.0,2,0.1,1,24.49,28.47
0.9,563.5,318.5,122.5,7.0,2,0.4,3,32.316,37.27
0.86,588.0,294.0,147.0,7.0,2,0.4,2,32.393,30.08
0.86,808.5,367.5,220.5,3.5,2,0.25,4,12.71,16.83
0.71,710.5,269.5,220.5,3.5,5,0.4,5,14.029,14.26
0.82,612.5,318.5,147.0,7.0,2,0.1,5,27.985,31.19
0.74,686.0,245.0,220.5,3.5,5,0.25,2,10.418,13.46
0.76,661.5,416.5,122.5,7.0,3,0.4,3,35.884,33.75
0.98,514.5,294.0,110.25,7.0,4,0.1,1,28.574,32.87
0.76,661.5,416.5,122.5,7.0,2,0.1,4,36.766,38.04
0.76,661.5,416.5,122.5,7.0,3,0.25,5,32.364,34.14
0.69,735.0,294.0,220.5,3.5,4,0.4,1,11.186,15.07
0.86,588.0,294.0,147.0,7.0,4,0.25,5,12.011,27.71
0.71,710.5,269.5,220.5,3.5,5,0.1,3,14.246,13.79
0.64,784.0,343.0,220.5,3.5,2,0.25,3,18.841,20.7
0.79,563.5,318.5,122.5,7.0,2,0.4,5,36.9,35.78
0.82,612.5,318.5,147.0,7.0,2,0.4,5,25.504,27.15
0.64,784.0,343.0,220.5,3.5,3,0.4,3,12.293,20.54
0.66,759.5,318.5,220.5,3.5,2,0.25,2,11.839,15.07
0.79,637.0,343.0,147.0,7.0,4,0.1,2,37.234,35.3
0.9,563.5,318.5,122.5,7.0,4,0.1,2,32.204,32.71
0.74,686.0,245.0,220.5,3.5,5,0.4,5,10.416,13.4
0.86,588.0,294.0,147.0,7.0,3,0.1,5,25.477,26.2
0.9,563.5,318.5,122.5,7.0,5,0.25,2,28.939,29.38
0.64,784.0,343.0,220.5,3.5,4,0.4,4,16.725,20.53
0.98,563.5,294.0,110.25,7.0,3,0.4,4,26.266,29.41
0.76,661.5,416.5,122.5,7.0,2,0.1,3,11.406,33.64
0.98,514.5,294.0,110.25,7.0,5,0.1,2,24.136,26.16
0.64,710.5,343.0,220.5,3.5,4,0.25,1,17.04,20.65
0.69,735.0,294.0,220.5,3.5,5,0.25,2,14.318,15.36
0.62,808.5,367.5,220.5,3.5,2,0.25,2,16.832,15.16
0.82,612.5,318.5,147.0,7.0,5,0.25,3,25.143,28.78
0.74,514.5,294.0,220.5,3.5,5,0.25,3,11.124,16.52
0.66,759.5,318.5,220.5,3.5,5,0.25,2,11.397,14.83
0.98,514.5,294.0,110.25,7.0,3,0.4,3,24.36,30.67
0.62,808.5,367.5,220.5,3.5,2,0.4,4,12.714,17.23
0.64,784.0,343.0,220.5,3.5,3,0.4,2,18.663,20.68
0.76,808.5,367.5,220.5,3.5,3,0.1,3,12.976,11.67
0.66,759.5,318.5,220.5,3.5,5,0.1,3,15.278,16.16
0.66,759.5,318.5,220.5,3.5,5,0.4,5,11.422,16.05
0.74,686.0,245.0,220.5,3.5,5,0.4,3,14.211,17.14
0.62,808.5,367.5,220.5,3.5,4,0.25,3,11.706,15.78
0.66,759.5,318.5,220.5,3.5,2,0.25,5,13.24,16.16
0.9,563.5,318.5,122.5,7.0,2,0.25,1,36.462,37.07
0.66,759.5,318.5,220.5,3.5,3,0.1,2,11.336,14.84
0.71,710.5,269.5,220.5,3.5,4,0.4,3,14.668,17.48
0.76,661.5,416.5,122.5,7.0,4,0.25,3,36.206,34.1
0.62,808.5,367.5,220.5,3.5,3,0.25,5,16.778,15.01
0.69,735.0,294.0,220.5,3.5,5,0.1,1,11.205,17.21
0.76,661.5,416.5,122.5,7.0,4,0.25,4,33.276,40.88
0.62,808.5,367.5,220.5,3.5,2,0.4,3,13.013,16.04
0.79,637.0,343.0,147.0,7.0,5,0.4,1,40.806,45.02
0.71,710.5,269.5,220.5,3.5,2,0.4,4,14.971,17.51
0.66,759.5,318.5,220.5,3.5,3,0.1,2,11.492,14.77
0.98,514.5,294.0,110.25,7.0,2,0.25,3,24.5,25.33
0.64,784.0,343.0,220.5,3.5,2,0.4,4,16.591,20.44
0.79,637.0,343.0,147.0,7.0,5,0.1,1,36.67,39.14
0.74,686.0,245.0,220.5,3.5,4,0.4,3,14.371,17.13
0.82,612.5,318.5,147.0,7.0,4,0.4,4,35.33,27.97
0.86,588.0,294.0,147.0,7.0,2,0.25,5,26.055,28.86
0.82,612.5,318.5,147.0,7.0,3,0.1,3,23.11,28.78
0.66,759.5,318.5,220.5,3.5,2,0.4,2,11.495,14.87
0.82,612.5,318.5,147.0,7.0,2,0.4,2,28.627,41.1
0.82,612.5,318.5,147.0,7.0,3,0.25,2,28.61,29.37
0.66,759.5,318.5,220.5,3.5,5,0.25,3,12.986,17.71
0.82,612.5,318.5,147.0,7.0,3,0.25,4,23.235,27.6
0.9,563.5,318.5,122.5,7.0,4,0.4,2,32.425,40.92
0.69,735.0,294.0,220.5,3.5,3,0.1,4,14.608,13.97
0.9,563.5,318.5,122.5,7.0,3,0.0,0,20.719,32.15
0.76,661.5,416.5,122.5,7.0,2,0.25,5,36.093,14.69
0.64,784.0,343.0,220.5,3.5,4,0.4,2,16.512,20.71
0.98,514.5,294.0,110.25,7.0,2,0.1,5,24.605,25.95
0.66,759.5,318.5,220.5,3.5,5,0.25,3,15.037,14.87
0.98,514.5,294.0,110.25,7.0,3,0.1,5,28.62,26.4
0.82,612.5,318.5,147.0,7.0,2,0.25,5,23.128,28.46
0.76,661.5,416.5,122.5,7.0,3,0.1,5,37.072,33.85
0.98,514.5,294.0,110.25,7.0,2,0.4,4,24.268,25.73
0.64,784.0,343.0,220.5,3.5,3,0.1,4,15.193,20.32
0.69,735.0,294.0,220.5,3.5,5,0.25,5,12.458,15.06
0.82,612.5,318.5,147.0,7.0,4,0.1,3,22.87,28.71
0.64,784.0,343.0,220.5,3.5,5,0.4,5,16.882,20.28
0.74,710.5,245.0,220.5,3.5,5,0.4,4,14.458,16.98
0.71,710.5,269.5,220.5,3.5,2,0.1,3,14.505,13.64
0.76,661.5,416.5,122.5,7.0,3,0.25,4,40.356,33.72
0.74,808.5,245.0,220.5,3.5,3,0.1,4,7.964,14.56
0.86,588.0,294.0,147.0,7.0,5,0.0,4,28.144,25.19
0.98,686.0,245.0,220.5,3.5,5,0.4,2,14.354,16.02
0.9,563.5,318.5,122.5,7.0,2,0.1,2,28.945,29.91
0.71,710.5,269.5,220.5,3.5,4,0.25,3,12.437,15.8
0.74,686.0,245.0,220.5,3.5,2,0.4,3,10.359,14.6
0.64,784.0,343.0,220.5,3.5,3,0.1,3,16.983,19.31
0.74,686.0,245.0,220.5,3.5,4,0.4,3,10.394,13.6
0.86,588.0,294.0,147.0,7.0,3,0.25,5,29.475,27.76
0.86,588.0,294.0,147.0,7.0,5,0.4,3,26.289,27.31
0.71,710.5,269.5,220.5,3.5,5,0.1,4,12.752,17.05
0.74,686.0,245.0,220.5,3.5,5,0.1,1,14.447,13.49
0.76,661.5,416.5,122.5,7.0,2,0.1,4,35.986,31.86
0.82,637.0,343.0,147.0,7.0,2,0.1,5,31.041,34.35
0.62,808.5,367.5,220.5,3.5,5,0.1,1,13.024,15.61
0.76,661.5,416.5,122.5,7.0,4,0.1,5,36.873,34.23
0.82,612.5,318.5,147.0,7.0,4,0.0,0,31.889,27.27
0.98,514.5,294.0,110.25,7.0,3,0.4,4,33.06,29.94
0.79,637.0,343.0,147.0,7.0,2,0.4,5,40.4,37.29
0.66,759.5,318.5,220.5,3.5,2,0.25,2,8.226,15.4
0.71,710.5,269.5,220.5,3.5,2,0.1,1,10.79,14.23
0.62,808.5,367.5,220.5,3.5,4,0.25,3,13.748,16.9
0.64,784.0,343.0,220.5,3.5,5,0.4,3,18.608,21.52
0.79,637.0,343.0,147.0,7.0,5,0.25,5,30.164,39.34
0.86,588.0,294.0,147.0,7.0,2,0.4,4,26.991,27.54
0.64,784.0,343.0,220.5,3.5,3,0.25,5,18.065,24.02
0.66,759.5,318.5,220.5,3.5,3,0.4,3,12.91,18.65
0.9,563.5,318.5,122.5,7.0,2,0.1,4,29.811,37.04
0.9,563.5,318.5,122.5,7.0,4,0.1,3,28.573,34.13
0.98,514.5,294.0,110.25,7.0,4,0.25,4,28.179,29.82
0.64,784.0,343.0,220.5,3.5,3,0.1,2,15.174,15.37
0.66,759.5,318.5,220.5,3.5,2,0.1,1,15.35,17.74
0.69,735.0,294.0,220.5,3.5,3,0.1,1,12.997,16.88
0.79,637.0,343.0,147.0,7.0,2,0.1,5,40.113,34.17
0.71,710.5,269.5,220.5,3.5,4,0.25,4,14.684,19.26
0.69,735.0,294.0,220.5,3.5,3,0.25,1,12.866,16.99
0.66,759.5,318.5,220.5,3.5,5,0.4,3,15.167,16.32
0.86,588.0,294.0,147.0,7.0,2,0.1,1,29.074,27.37
0.82,612.5,318.5,147.0,7.0,2,0.1,3,29.026,24.91
0.9,563.5,318.5,122.5,7.0,3,0.25,5,31.577,32.73
0.66,759.5,318.5,220.5,3.5,5,0.1,3,11.608,13.71
0.71,710.5,269.5,220.5,3.5,2,0.4,1,12.425,15.6
0.69,735.0,294.0,220.5,3.5,2,0.1,5,11.157,16.92
0.64,784.0,343.0,220.5,3.5,4,0.1,1,15.217,19.62
0.82,612.5,318.5,147.0,7.0,2,0.25,5,24.184,28.82
0.86,588.0,294.0,147.0,7.0,5,0.4,3,28.036,32.95
0.76,661.5,416.5,122.5,7.0,2,0.1,5,39.445,38.97
0.64,784.0,343.0,220.5,3.5,5,0.4,4,15.174,20.47
0.86,710.5,269.5,220.5,3.5,4,0.4,2,12.255,17.6
0.62,588.0,367.5,220.5,3.5,3,0.1,3,14.197,16.98
0.82,661.5,416.5,122.5,7.0,5,0.4,3,24.213,29.35
0.69,735.0,294.0,220.5,3.5,5,0.1,2,14.617,16.46
0.82,612.5,318.5,147.0,7.0,2,0.25,5,32.367,30.5
0.71,710.5,269.5,220.5,3.5,5,0.4,4,10.844,15.73
0.69,735.0,294.0,220.5,3.5,2,0.25,4,11.217,17.59
0.86,588.0,294.0,147.0,7.0,3,0.25,2,31.262,21.41
0.71,710.5,269.5,220.5,3.5,4,0.4,2,10.476,14.71
0.82,759.5,318.5,220.5,3.5,5,0.4,4,12.879,18.29
0.82,612.5,318.5,147.0,7.0,4,0.1,4,24.025,29.19
0.76,661.5,416.5,122.5,7.0,2,0.25,3,37.635,42.15
0.86,588.0,294.0,147.0,7.0,3,0.4,1,31.746,26.97
0.79,637.0,343.0,147.0,7.0,2,0.0,0,22.597,39.34
0.71,735.0,294.0,220.5,3.5,2,0.0,0,10.831,12.1
0.66,759.5,318.5,220.5,3.5,5,0.25,4,15.066,18.67
0.69,735.0,294.0,220.5,3.5,5,0.25,2,10.905,14.91
0.69,735.0,294.0,220.5,3.5,3,0.4,5,14.637,14.51
0.76,661.5,416.5,122.5,7.0,2,0.1,1,32.443,40.7
0.86,588.0,294.0,147.0,7.0,5,0.25,5,29.458,29.63
0.66,759.5,318.5,220.5,3.5,2,0.25,4,12.777,18.6
0.9,563.5,318.5,122.5,7.0,3,0.4,5,24.917,32.16
0.76,661.5,416.5,122.5,7.0,2,0.25,1,40.741,33.73
0.62,808.5,367.5,220.5,3.5,3,0.25,5,16.57,17.2
0.9,563.5,318.5,122.5,7.0,5,0.1,3,23.767,31.88
0.74,686.0,245.0,220.5,3.5,2,0.4,5,10.309,14.6
0.79,637.0,343.0,147.0,7.0,5,0.1,5,42.1,40.69
0.71,710.5,269.5,220.5,3.5,4,0.1,4,14.49,17.25
0.69,735.0,294.0,220.5,3.5,5,0.25,5,12.475,15.43
0.66,759.5,318.5,220.5,3.5,5,0.1,3,14.912,14.87
0.9,563.5,318.5,122.5,7.0,2,0.1,4,32.396,35.68
0.82,612.5,318.5,147.0,7.0,5,0.1,2,25.959,26.45
0.71,710.5,269.5,220.5,3.5,2,0.4,3,14.663,17.42
0.98,514.5,294.0,110.25,7.0,3,0.25,0,24.274,33.05
0.74,686.0,245.0,220.5,3.5,2,0.1,3,10.194,17.08
0.82,612.5,318.5,147.0,7.0,4,0.4,4,23.923,27.33
0.9,563.5,318.5,122.5,7.0,5,0.1,1,36.898,36.93
0.66,759.5,318.5,220.5,3.5,2,0.4,2,11.542,14.86
0.98,514.5,294.0,110.25,7.0,3,0.1,3,24.297,25.84
0.74,686.0,245.0,220.5,3.5,3,0.25,2,14.713,15.79
0.64,784.0,343.0,220.5,3.5,5,0.1,1,15.472,19.47
0.82,612.5,318.5,147.0,7.0,4,0.25,4,25.552,29.8
0.9,563.5,318.5,122.5,7.0,2,0.1,5,25.266,32.54
0.64,784.0,343.0,220.5,3.5,3,0.4,4,17.017,20.14
0.64,784.0,343.0,220.5,3.5,3,0.25,4,16.978,20.22
0.64,784.0,343.0,220.5,3.5,4,0.1,5,17.474,19.37
0.82,612.5,318.5,147.0,7.0,2,0.1,4,30.572,26.34
0.64,784.0,343.0,220.5,3.5,5,0.1,3,15.169,19.24
0.64,784.0,343.0,220.5,3.5,4,0.1,3,15.229,19.5
0.64,784.0,343.0,220.5,3.5,2,0.0,0,15.536,16.7
0.76,661.5,416.5,122.5,7.0,2,0.1,2,39.929,34.23
0.79,637.0,343.0,147.0,7.0,3,0.1,4,36.673,43.45
0.86,588.0,294.0,147.0,7.0,4,0.1,2,31.932,31.28
0.86,588.0,294.0,147.0,7.0,4,0.25,3,24.954,36.85
0.82,612.5,318.5,147.0,7.0,5,0.4,2,23.552,27.41
0.79,637.0,343.0,147.0,7.0,5,0.1,4,37.066,34.3
0.76,661.5,416.5,122.5,7.0,4,0.4,1,35.603,37.21
0.66,759.5,318.5,220.5,3.5,2,0.25,1,12.923,17.78
0.98,514.5,294.0,110.25,7.0,3,0.25,4,32.631,29.58
0.9,563.5,318.5,122.5,7.0,2,0.25,1,28.868,30.03
0.66,759.5,318.5,220.5,3.5,5,0.1,1,11.431,14.85
0.66,759.5,318.5,220.5,3.5,2,0.25,4,9.458,13.02
0.69,735.0,294.0,220.5,3.5,5,0.25,4,14.379,14.45
0.64,784.0,343.0,220.5,3.5,2,0.4,4,16.647,20.4
0.66,759.5,318.5,220.5,3.5,5,0.25,5,13.866,16.15
0.76,661.5,416.5,122.5,7.0,2,0.1,1,23.832,37.2
0.69,735.0,294.0,220.5,3.5,3,0.4,3,12.649,14.57
0.66,759.5,318.5,220.5,3.5,2,0.25,4,11.413,17.85
0.76,661.5,416.5,122.5,7.0,5,0.4,1,33.256,40.02
0.86,588.0,294.0,147.0,7.0,2,0.1,3,26.45,34.73
0.86,588.0,294.0,147.0,7.0,4,0.25,4,28.636,33.43
0.66,759.5,318.5,220.5,3.5,4,0.1,3,15.297,14.71
0.79,588.0,343.0,147.0,7.0,2,0.25,5,26.043,45.11
0.71,710.5,269.5,220.5,3.5,4,0.25,2,12.371,14.23
0.71,710.5,269.5,220.5,3.5,5,0.4,1,13.438,17.07
0.66,759.5,318.5,220.5,3.5,2,0.1,2,11.442,14.88
0.98,514.5,294.0,110.25,7.0,4,0.4,3,28.609,29.39
0.79,637.0,343.0,147.0,7.0,2,0.25,2,42.338,37.49
0.86,588.0,294.0,147.0,7.0,5,0.4,1,26.316,27.96
0.64,784.0,343.0,220.5,3.5,2,0.4,1,15.172,16.76
0.86,588.0,294.0,147.0,7.0,3,0.4,5,27.72,28.61
0.76,661.5,416.5,122.5,7.0,5,0.1,4,32.339,34.31
0.62,808.5,367.5,220.5,3.5,5,0.25,5,16.715,16.99
0.76,661.5,416.5,122.5,7.0,5,0.1,3,36.489,27.21
0.86,588.0,294.0,147.0,7.0,4,0.25,1,31.502,36.15
0.64,784.0,343.0,220.5,3.5,5,0.1,2,15.187,21.0
0.74,686.0,245.0,220.5,3.5,5,0.1,1,10.35,15.37
0.74,686.0,245.0,220.5,3.5,3,0.4,5,14.504,16.95
0.98,514.5,294.0,110.25,7.0,3,0.1,2,28.658,29.4
0.66,710.5,318.5,220.5,3.5,5,0.1,2,12.908,14.82
0.64,784.0,343.0,220.5,3.5,4,0.25,2,18.13,20.47
0.66,759.5,318.5,220.5,3.5,4,0.4,4,12.915,16.07
0.86,588.0,294.0,147.0,7.0,2,0.1,4,23.889,28.58
0.76,661.5,416.5,122.5,7.0,2,0.1,5,36.969,36.76
0.69,735.0,294.0,220.5,3.5,5,0.25,4,14.656,17.0
0.71,710.5,269.5,220.5,3.5,2,0.4,1,10.838,14.25
0.98,514.5,294.0,110.25,7.0,4,0.1,3,24.6,25.93
0.62,808.5,367.5,220.5,3.5,2,0.4,5,17.038,14.02
0.69,735.0,294.0,220.5,3.5,4,0.25,5,12.085,13.92
0.86,588.0,294.0,147.0,7.0,3,0.25,2,17.943,27.18
0.86,588.0,294.0,147.0,7.0,4,0.4,4,26.287,30.9
0.98,686.0,245.0,220.5,3.5,2,0.0,0,6.49,11.8
0.82,612.5,318.5,147.0,7.0,3,0.1,2,28.181,28.46
0.74,686.0,245.0,220.5,3.5,5,0.1,2,12.47,15.54
0.86,588.0,294.0,147.0,7.0,4,0.25,4,28.262,34.0
0.82,612.5,318.5,147.0,7.0,5,0.4,2,29.24,25.2
0.82,661.5,416.5,122.5,7.0,2,0.1,5,33.113,37.41
0.69,735.0,294.0,220.5,3.5,3,0.1,2,11.083,11.8
0.76,661.5,416.5,122.5,7.0,2,0.1,3,37.147,33.87
0.82,612.5,318.5,147.0,7.0,4,0.1,5,34.722,31.5
0.82,612.5,318.5,147.0,7.0,2,0.1,2,23.6,24.87
0.69,735.0,294.0,220.5,3.5,3,0.1,2,11.805,14.31
0.62,808.5,367.5,220.5,3.5,5,0.4,2,13.009,14.34
0.86,588.0,294.0,147.0,7.0,4,0.25,4,28.619,36.07
0.98,514.5,294.0,110.25,7.0,3,0.25,3,28.641,30.03
0.79,637.0,343.0,147.0,7.0,3,0.4,4,40.307,32.65
0.76,661.5,416.5,122.5,7.0,2,0.1,2,36.192,36.9
0.98,735.0,294.0,110.25,3.5,5,0.1,3,10.961,15.17
0.82,612.5,318.5,147.0,7.0,4,0.1,3,28.848,29.71
0.79,637.0,343.0,147.0,7.0,4,0.4,1,41.846,43.5
0.86,588.0,294.0,147.0,7.0,3,0.4,5,26.25,29.89
0.66,759.5,318.5,220.5,3.5,5,0.1,3,15.066,14.36
0.66,759.5,318.5,220.5,3.5,2,0.1,5,15.352,17.93
0.74,686.0,245.0,220.5,3.5,4,0.1,3,10.428,13.65
0.9,563.5,318.5,122.5,7.0,3,0.25,5,37.364,27.93
0.69,735.0,294.0,220.5,3.5,2,0.1,5,11.021,16.75
0.86,588.0,294.0,147.0,7.0,4,0.25,4,26.312,36.28
0.76,661.5,416.5,122.5,7.0,3,0.1,2,35.626,34.16
0.71,710.5,269.5,220.5,3.5,5,0.4,2,14.326,17.16
0.86,588.0,294.0,147.0,7.0,5,0.4,5,29.605,27.08
0.79,637.0,343.0,147.0,7.0,4,0.1,4,41.138,33.87
0.76,661.5,416.5,122.5,7.0,3,0.25,2,36.741,40.15
0.66,759.5,318.5,220.5,3.5,2,0.25,1,12.964,14.85
0.86,710.5,269.5,220.5,3.5,4,0.1,4,15.187,15.8
0.82,612.5,318.5,147.0,7.0,2,0.25,4,30.789,31.86
0.98,563.5,294.0,110.25,7.0,2,0.25,2,28.702,30.17
0.82,612.5,318.5,147.0,7.0,4,0.4,5,29.257,32.84
0.71,710.5,269.5,220.5,3.5,5,0.1,3,13.41,13.74
0.98,514.5,294.0,110.25,7.0,5,0.1,2,28.371,26.11
0.62,735.0,294.0,220.5,3.5,2,0.1,5,11.082,16.99
0.74,686.0,245.0,220.5,3.5,4,0.1,4,14.459,16.98
0.98,514.5,294.0,110.25,7.0,2,0.25,1,28.632,29.85
0.9,563.5,318.5,122.5,7.0,2,0.1,5,32.848,25.08
0.71,710.5,367.5,220.5,3.5,2,0.1,1,10.711,14.26
0.62,808.5,367.5,220.5,3.5,5,0.4,4,10.999,16.96
0.62,808.5,367.5,220.5,3.5,4,0.1,2,13.024,14.45
0.64,784.0,343.0,220.5,3.5,5,0.1,2,15.216,20.41
0.62,808.5,367.5,220.5,3.5,3,0.4,2,13.055,14.25
0.76,661.5,416.5,122.5,7.0,3,0.1,2,33.204,34.12
0.76,661.5,416.5,122.5,7.0,3,0.1,3,33.15,36.56
0.74,686.0,245.0,220.5,3.5,5,0.1,5,10.396,13.47
0.9,563.5,318.5,122.5,7.0,4,0.4,5,28.57,36.27
0.74,686.0,245.0,220.5,3.5,2,0.4,3,10.396,13.51
0.74,686.0,245.0,220.5,3.5,5,0.25,5,14.463,17.14
0.79,637.0,343.0,147.0,7.0,5,0.1,4,41.968,36.17
0.98,514.5,294.0,110.25,7.0,3,0.4,5,32.725,25.6
0.9,563.5,318.5,122.5,7.0,4,0.1,1,29.673,28.86
0.76,661.5,416.5,122.5,7.0,5,0.0,0,11.308,25.51
0.66,759.5,318.5,220.5,3.5,2,0.1,5,12.809,18.17
0.66,759.5,318.5,220.5,3.5,3,0.1,4,8.716,12.89
0.76,661.5,416.5,122.5,7.0,4,0.4,2,40.239,37.31
0.69,735.0,294.0,220.5,3.5,2,0.25,1,14.098,15.19
0.82,612.5,318.5,147.0,7.0,4,0.4,1,29.195,28.37
0.98,563.5,294.0,110.25,7.0,2,0.1,4,24.342,32.9
0.71,710.5,269.5,220.5,3.5,2,0.4,4,10.838,16.84
0.86,588.0,294.0,147.0,7.0,2,0.25,1,25.515,38.44
0.66,759.5,318.5,220.5,3.5,2,0.25,4,11.314,13.39
0.71,735.0,294.0,220.5,3.5,2,0.25,2,12.275,14.34
0.62,808.5,367.5,220.5,3.5,2,0.1,2,11.02,14.51
0.71,710.5,269.5,220.5,3.5,3,0.4,5,14.686,15.42
0.76,661.5,416.5,122.5,7.0,5,0.1,5,33.208,33.88
0.62,808.5,367.5,220.5,3.5,3,0.25,4,14.681,13.98
0.66,759.5,318.5,220.5,3.5,5,0.4,2,15.171,16.08
0.74,686.0,245.0,220.5,3.5,5,0.4,2,14.472,16.68
